Workbook

Sheet シート10
A1: total distance (carry + roll)
B2: Novice with bad clubs | C2: Novice | D2: Amateur golfer | E2: Pro Golfer | F2: Pro Golfer | G2: Super Pro Golfer
B3: COMMON | C3: UNCOMMON | D3: RARE | E3: MYTHIC | F3: LEGEND | G3: SUPREME
A4: Driver | B4: 174 | C4: 205 | D4: 230 | E4: 270 | F4: 320 | G4: 350
A5: 3-Wood | B5: =C5-25 -> 145 | C5: =D5-40 -> 170 | D5: =E5-40 -> 210 | E5: 250 | F5: =E5+30 -> 280 | G5: =F5+30 -> 310
A6: 5-Wood | B6: =C6-25 -> 130 | C6: =D6-40 -> 155 | D6: =E6-40 -> 195 | E6: 235 | F6: =E6+30 -> 265 | G6: =F6+30 -> 295
A7: 7-Wood | B7: =C7-25 -> 115 | C7: =D7-40 -> 140 | D7: =E7-40 -> 180 | E7: 220 | F7: =E7+30 -> 250 | G7: =F7+30 -> 280
A8: 3-Iron | B8: =C8-25 -> 105 | C8: =D8-40 -> 130 | D8: =E8-40 -> 170 | E8: 210 | F8: =E8+30 -> 240 | G8: =F8+30 -> 270
A9: 4-Iron | B9: =C9-25 -> 95 | C9: =D9-40 -> 120 | D9: =E9-40 -> 160 | E9: 200 | F9: =E9+30 -> 230 | G9: =F9+30 -> 260
A10: 5-Iron | B10: =C10-25 -> 85 | C10: =D10-40 -> 110 | D10: =E10-40 -> 150 | E10: 190 | F10: =E10+30 -> 220 | G10: =F10+30 -> 250
A11: 6-Iron | B11: =C11-25 -> 75 | C11: =D11-40 -> 100 | D11: =E11-40 -> 140 | E11: 180 | F11: =E11+30 -> 210 | G11: =F11+30 -> 240
A12: 7-Iron | B12: =C12-25 -> 65 | C12: =D12-40 -> 90 | D12: =E12-40 -> 130 | E12: 170 | F12: =E12+30 -> 200 | G12: =F12+30 -> 230
A13: 8-Iron | B13: =C13-25 -> 55 | C13: =D13-40 -> 80 | D13: =E13-40 -> 120 | E13: 160 | F13: =E13+30 -> 190 | G13: =F13+30 -> 220
A14: 9-Iron | B14: =C14-25 -> 45 | C14: =D14-40 -> 70 | D14: =E14-40 -> 110 | E14: 150 | F14: =E14+30 -> 180 | G14: =F14+30 -> 210
A15: Pitching Wedge | B15: 40 | C15: =D15-40 -> 60 | D15: =E15-40 -> 100 | E15: 140 | F15: =E15+30 -> 170 | G15: =F15+30 -> 200
A16: Approach Wedge | B16: 35 | C16: =D16-40 -> 50 | D16: =E16-40 -> 90 | E16: 130 | F16: =E16+30 -> 160 | G16: =F16+30 -> 190 | H16: PWedge -> AWedge->SWedge
A17: Sand Wedge | B17: 30 | C17: =D17-40 -> 30 | D17: =E17-40 -> 70 | E17: 110 | F17: =E17+30 -> 140 | G17: =F17+30 -> 170

Sheet CALCULATOR
H2: . | K2: Randomizer | L2: =RANDBETWEEN(1,3) -> 1 | M2: Mechanical Misake | N2: 0 | X2: CHARCTER | AA2: UPGRADES
L3: Bunker | M3: SemiRough | U3: ROLL AFTER COEFFICIENT
F4: UPGRADES | L4: =VLOOKUP(L3,RECOVERY!$AA$8:$AP$10,2,FALSE) -> 2.5 | M4: =VLOOKUP(M3,RECOVERY!$AA$27:$AP$29,2,FALSE) -> 0.65 | N4: -1.5 | O4: 0 | P4: 1.5 | R4: 1/-1 | T4: 0.1 | U4: 1.33 | V4: -1.23
B5: COMMON | D5: Base Parameter | E5: Parameter | F5: =SUM(F6:F11)&"/24" -> 34/24 | G5: Base Rar Dist | H5: SHOT DISTANCE | I5: ACC. Coeff | J5: Shot Power Multiplyer | K5: ACC. DEVIATION | L5: REC. FOR ACC | M5: REC. FOR POWER | N5: TOP SPIN | O5: NO SPIN | P5: BACK SPIN | Q5: Deviation | R5: SIDE SPIN POWER | S5: Calculated Spin | T5: DEFAULT | U5: TOP SPIN | V5: BACK SPIN | X5: COMMON | Y5: Base Parameter | Z5: Parameter | AA5: =SUM(AA6:AA9)&"/25" -> 0/25 | AB5: Base Rar Dist
B6: Driver | C6: Power | D6: 150 | E6: =D6+F6 -> 184 | F6: 34 | G6: 35 | H6: =$G$6+(E6/2)+$AB$6+(Z6/2)+$L$2 -> 173 | I6: =1-(E7/1000) -> 0.87 | J6: =ROUND(POWER(E6/100,0.5),3) -> 1.356 | K6: =(G8*J6*I6*N2) -> 0 | L6: =1+(L4-1)*(1-E10/500) -> 2.485 | M6: =M4+((1-M4)*0.5*E10/400) -> 0.6521875 | N6: =(E9+(Q6*N4))/1.3 -> 26.230769 | O6: =(D9+(P6*O4))/1.3 -> 26.923077 | P6: =(E9+(Q6*P4))/1.3 -> 27.615385 | Q6: =3*(E8/100) -> 0.6 | R6: =E8*1*(VLOOKUP(B6,SPIN!$M$27:$N$40,2,FALSE)) -> 800 | S6: =E8*2*3.14/60 -> 2.0933333 | T6: =$S6*T4*8 -> 1.6746667 | U6: =$S6*U4*8 -> 22.273067 | V6: =$S6*V4*8 -> -20.5984 | X6: STRENGTH | Y6: 30 | Z6: =Y6+AA6 -> 30 | AB6: 30
C7: Accuracy | D7: 130 | E7: =D7+F7 -> 130 | G7: Mistake based on Rarity | H7: . | X7: CLUB CONTROL | Y7: 50 | Z7: =Y7+AA7 -> 50
C8: Spin | D8: 20 | E8: =D8+F8 -> 20 | G8: 20 | X8: STAMINA | Y8: 150 | Z8: =Y8+AA8 -> 150
C9: Loft | D9: 35 | E9: =D9+F9 -> 35 | X9: STAMINA REG | Y9: 5 | Z9: =Y9+AA9 -> 5
C10: Recovery | D10: 5 | E10: =D10+F10 -> 5
C11: Durability | D11: 100 | E11: =D11+F11 -> 100
B14: PLEASE CHANGE ONLY YELLOW FIELDS

Sheet DEFAULT CLUBS-COMMON
H2: . | K2: Randomizer | L2: =RANDBETWEEN(1,3) -> 1 | M2: Mechanical Misake | N2: 1 | X2: CHARCTER | AA2: UPGRADES
L3: SemiRough | M3: SemiRough | U3: ROLL AFTER COEFFICIENT
F4: UPGRADES | L4: =VLOOKUP(L3,RECOVERY!$AA$8:$AP$10,2,FALSE) -> 1.4 | M4: =VLOOKUP(M3,RECOVERY!$AA$27:$AP$29,2,FALSE) -> 0.65 | N4: -1.5 | O4: 0 | P4: 1.5 | R4: 1/-1 | T4: 0.1 | U4: 1.33 | V4: -1.23
B5: COMMON | D5: Base Parameter | E5: Parameter | F5: =SUM(F6:F11)&"/25" -> 0/25 | G5: Base Rar Dist | H5: SHOT DISTANCE | I5: ACC. Coeff | J5: Shot Power Multiplyer | K5: ACC. DEVIATION | L5: REC. FOR ACC | M5: REC. FOR POWER | N5: TOP SPIN | O5: NO SPIN | P5: BACK SPIN | Q5: Deviation | R5: SIDE SPIN POWER | S5: Calculated Spin | T5: DEFAULT | U5: TOP SPIN | V5: BACK SPIN | X5: COMMON | Y5: Base Parameter | Z5: Parameter | AA5: =SUM(AA6:AA9)&"/25" -> 0/25 | AB5: Base Rar Dist
B6: Driver | C6: Power | D6: 135 | E6: =D6+F6 -> 135 | G6: 30 | H6: =$G$6+(E6/2)+$AB$6+(Z6/2)+$L$2 -> 143.5 | I6: =1-(E7/1000) -> 0.87 | J6: =ROUND(POWER(E6/100,0.5),3) -> 1.162 | K6: =(G8*J6*I6*N2) -> 20.2188 | L6: =1+(L4-1)*(1-E10/500) -> 1.396 | M6: =M4+((1-M4)*0.5*E10/400) -> 0.6521875 | N6: =(E9+(Q6*N4))/1.3 -> 26.230769 | O6: =(D9+(P6*O4))/1.3 -> 26.923077 | P6: =(E9+(Q6*P4))/1.3 -> 27.615385 | Q6: =3*(E8/100) -> 0.6 | R6: =E8*1*(VLOOKUP(B6,SPIN!$M$27:$N$40,2,FALSE)) -> 800 | S6: =E8*2*3.14/60 -> 2.0933333 | T6: =$S6*T4*8 -> 1.6746667 | U6: =$S6*U4*8 -> 22.273067 | V6: =$S6*V4*8 -> -20.5984 | X6: STRENGTH | Y6: 30 | Z6: =Y6+AA6 -> 30 | AB6: 30
C7: Accuracy | D7: 130 | E7: =D7+F7 -> 130 | G7: Mistake based on Rarity | H7: . | X7: CLUB CONTROL | Y7: 50 | Z7: =Y7+AA7 -> 50
C8: Spin | D8: 20 | E8: =D8+F8 -> 20 | G8: 20 | X8: STAMINA | Y8: 150 | Z8: =Y8+AA8 -> 150
C9: Loft | D9: 35 | E9: =D9+F9 -> 35 | X9: STAMINA REG | Y9: 5 | Z9: =Y9+AA9 -> 5
C10: Recovery | D10: 5 | E10: =D10+F10 -> 5
C11: Durability | D11: 100 | E11: =D11+F11 -> 100
H12: . | K12: Randomizer | L12: =RANDBETWEEN(0,3) -> 0 | M12: Mechanical Misake | N12: 1
L13: SemiRough | M13: SemiRough | U13: ROLL AFTER COEFFICIENT
F14: UPGRADES | L14: =VLOOKUP(L13,RECOVERY!$AA$8:$AP$10,3,FALSE) -> 1.4 | M14: =VLOOKUP(M13,RECOVERY!$AA$27:$AP$29,3,FALSE) -> 0.65 | N14: -1.5 | O14: 0 | P14: 1.5 | R14: 1/-1 | T14: 0.1 | U14: 1.33 | V14: -1.23
B15: COMMON | D15: Base Parameter | E15: Parameter | F15: =SUM(F16:F21)&"/25" -> 0/25 | G15: Base Rar Dist | H15: SHOT DISTANCE | I15: ACC. Coeff | J15: Shot Power Multiplyer | K15: ACC. DEVIATION | L15: REC. FOR ACC | M15: REC. FOR POWER | N15: TOP SPIN | O15: NO SPIN | P15: BACK SPIN | Q15: Deviation | R15: SIDE SPIN POWER | S15: Calculated Spin | T15: DEFAULT | U15: TOP SPIN | V15: BACK SPIN
B16: 3-Wood | C16: Power | D16: 100 | E16: =D16+F16 -> 100 | G16: 30 | H16: =$G$6+(E16/2)+$AB$6+(Z16/2)+$L$2 -> 111 | I16: =1-(E17/1000) -> 0.855 | J16: =ROUND(POWER(E16/100,0.5),3) -> 1 | K16: =(G18*J16*I16*N12) -> 17.1 | L16: =1+(L14-1)*(1-E20/500) -> 1.396 | M16: =M14+((1-M14)*0.5*E20/400) -> 0.6521875 | N16: =(E19+(Q16*N14))/1.3 -> 25.884615 | O16: =(D19+(P16*O14))/1.3 -> 26.923077 | P16: =(E19+(Q16*P14))/1.3 -> 27.961538 | Q16: =3*(E18/100) -> 0.9 | R16: =E18*1*(VLOOKUP(B16,SPIN!$M$27:$N$40,2,FALSE)) -> 1500 | S16: =E18*2*3.14/60 -> 3.14 | T16: =$S16*T14*8 -> 2.512 | U16: =$S16*U14*8 -> 33.4096 | V16: =$S16*V14*8 -> -30.8976
C17: Accuracy | D17: 145 | E17: =D17+F17 -> 145 | G17: Mistake based on Rarity
C18: Spin | D18: 30 | E18: =D18+F18 -> 30 | G18: 20
C19: Loft | D19: 35 | E19: =D19+F19 -> 35
C20: Recovery | D20: 5 | E20: =D20+F20 -> 5
C21: Durability | D21: 100 | E21: =D21+F21 -> 100
H22: . | K22: Randomizer | L22: =RANDBETWEEN(0,3) -> 2 | M22: Mechanical Misake | N22: 1
L23: SemiRough | M23: SemiRough | U23: ROLL AFTER COEFFICIENT
F24: UPGRADES | L24: =VLOOKUP(L23,RECOVERY!$AA$8:$AP$10,4,FALSE) -> 1.4 | M24: =VLOOKUP(M23,RECOVERY!$AA$27:$AP$29,4,FALSE) -> 0.65 | N24: -1.5 | O24: 0 | P24: 1.5 | R24: 1/-1 | T24: 0.1 | U24: 1.33 | V24: -1.23
B25: COMMON | D25: Base Parameter | E25: Parameter | F25: =SUM(F26:F31)&"/25" -> 0/25 | G25: Base Rar Dist | H25: SHOT DISTANCE | I25: ACC. Coeff | J25: Shot Power Multiplyer | K25: ACC. DEVIATION | L25: REC. FOR ACC | M25: REC. FOR POWER | N25: TOP SPIN | O25: NO SPIN | P25: BACK SPIN | Q25: Deviation | R25: SIDE SPIN POWER | S25: Calculated Spin | T25: DEFAULT | U25: TOP SPIN | V25: BACK SPIN
B26: 5-Wood | C26: Power | D26: 75 | E26: =D26+F26 -> 75 | G26: 30 | H26: =$G$6+(E26/2)+$AB$6+(Z26/2)+$L$2 -> 98.5 | I26: =1-(E27/1000) -> 0.855 | J26: =ROUND(POWER(E26/100,0.5),3) -> 0.866 | K26: =(G28*J26*I26*N22) -> 14.8086 | L26: =1+(L24-1)*(1-E30/500) -> 1.396 | M26: =M24+((1-M24)*0.5*E30/400) -> 0.6521875 | N26: =(E29+(Q26*N24))/1.3 -> 25.884615 | O26: =(D29+(P26*O24))/1.3 -> 26.923077 | P26: =(E29+(Q26*P24))/1.3 -> 27.961538 | Q26: =3*(E28/100) -> 0.9 | R26: =E28*1*(VLOOKUP(B26,SPIN!$M$27:$N$40,2,FALSE)) -> 1500 | S26: =E28*2*3.14/60 -> 3.14 | T26: =$S26*T24*8 -> 2.512 | U26: =$S26*U24*8 -> 33.4096 | V26: =$S26*V24*8 -> -30.8976
C27: Accuracy | D27: 145 | E27: =D27+F27 -> 145 | G27: Mistake based on Rarity
C28: Spin | D28: 30 | E28: =D28+F28 -> 30 | G28: 20
C29: Loft | D29: 35 | E29: =D29+F29 -> 35
C30: Recovery | D30: 5 | E30: =D30+F30 -> 5
C31: Durability | D31: 100 | E31: =D31+F31 -> 100
H32: . | K32: Randomizer | L32: =RANDBETWEEN(0,3) -> 0 | M32: Mechanical Misake | N32: 1
L33: SemiRough | M33: SemiRough | U33: ROLL AFTER COEFFICIENT
F34: UPGRADES | L34: =VLOOKUP(L33,RECOVERY!$AA$8:$AP$10,5,FALSE) -> 1.4 | M34: =VLOOKUP(M33,RECOVERY!$AA$27:$AP$29,5,FALSE) -> 0.65 | N34: -1.5 | O34: 0 | P34: 1.5 | R34: 1/-1 | T34: 0.1 | U34: 1.33 | V34: -1.23
B35: COMMON | D35: Base Parameter | E35: Parameter | F35: =SUM(F36:F41)&"/25" -> 0/25 | G35: Base Rar Dist | H35: SHOT DISTANCE | I35: ACC. Coeff | J35: Shot Power Multiplyer | K35: ACC. DEVIATION | L35: REC. FOR ACC | M35: REC. FOR POWER | N35: TOP SPIN | O35: NO SPIN | P35: BACK SPIN | Q35: Deviation | R35: SIDE SPIN POWER | S35: Calculated Spin | T35: DEFAULT | U35: TOP SPIN | V35: BACK SPIN
B36: 7-Wood | C36: Power | D36: 75 | E36: =D36+F36 -> 75 | G36: 30 | H36: =$G$6+(E36/2)+$AB$6+(Z36/2)+$L$2 -> 98.5 | I36: =1-(E37/1000) -> 0.87 | J36: =ROUND(POWER(E36/100,0.5),3) -> 0.866 | K36: =(G38*J36*I36*N32) -> 15.0684 | L36: =1+(L34-1)*(1-E40/500) -> 1.396 | M36: =M34+((1-M34)*0.5*E40/400) -> 0.6521875 | N36: =(E39+(Q36*N34))/1.3 -> 24.846154 | O36: =(D39+(P36*O34))/1.3 -> 26.923077 | P36: =(E39+(Q36*P34))/1.3 -> 29 | Q36: =3*(E38/100) -> 1.8 | R36: =E38*1*(VLOOKUP(B36,SPIN!$M$27:$N$40,2,FALSE)) -> 3000 | S36: =E38*2*3.14/60 -> 6.28 | T36: =$S36*T34*8 -> 5.024 | U36: =$S36*U34*8 -> 66.8192 | V36: =$S36*V34*8 -> -61.7952
C37: Accuracy | D37: 130 | E37: =D37+F37 -> 130 | G37: Mistake based on Rarity
C38: Spin | D38: 60 | E38: =D38+F38 -> 60 | G38: 20
C39: Loft | D39: 35 | E39: =D39+F39 -> 35
C40: Recovery | D40: 5 | E40: =D40+F40 -> 5
C41: Durability | D41: 100 | E41: =D41+F41 -> 100
H42: . | K42: Randomizer | L42: =RANDBETWEEN(0,3) -> 2 | M42: Mechanical Misake | N42: 1
L43: SemiRough | M43: SemiRough | U43: ROLL AFTER COEFFICIENT
F44: UPGRADES | L44: =VLOOKUP(L43,RECOVERY!$AA$8:$AP$10,6,FALSE) -> 1.3 | M44: =VLOOKUP(M43,RECOVERY!$AA$27:$AP$29,6,FALSE) -> 0.65 | N44: -1.5 | O44: 0 | P44: 1.5 | R44: 1/-1 | T44: 0.1 | U44: 1.33 | V44: -1.23
B45: COMMON | D45: Base Parameter | E45: Parameter | F45: =SUM(F46:F51)&"/25" -> 0/25 | G45: Base Rar Dist | H45: SHOT DISTANCE | I45: ACC. Coeff | J45: Shot Power Multiplyer | K45: ACC. DEVIATION | L45: REC. FOR ACC | M45: REC. FOR POWER | N45: TOP SPIN | O45: NO SPIN | P45: BACK SPIN | Q45: Deviation | R45: SIDE SPIN POWER | S45: Calculated Spin | T45: DEFAULT | U45: TOP SPIN | V45: BACK SPIN
B46: 3-Iron | C46: Power | D46: 100 | E46: =D46+F46 -> 100 | G46: 30 | H46: =$G$6+(E46/2)+$AB$6+(Z46/2)+$L$2 -> 111 | I46: =1-(E47/1000) -> 0.855 | J46: =ROUND(POWER(E46/100,0.5),3) -> 1 | K46: =(G48*J46*I46*N42) -> 17.1 | L46: =1+(L44-1)*(1-E50/500) -> 1.294 | M46: =M44+((1-M44)*0.5*E50/400) -> 0.654375 | N46: =(E49+(Q46*N44))/1.3 -> 25.365385 | O46: =(D49+(P46*O44))/1.3 -> 26.923077 | P46: =(E49+(Q46*P44))/1.3 -> 28.480769 | Q46: =3*(E48/100) -> 1.35 | R46: =E48*1*(VLOOKUP(B46,SPIN!$M$27:$N$40,2,FALSE)) -> 2700 | S46: =E48*2*3.14/60 -> 4.71 | T46: =$S46*T44*8 -> 3.768 | U46: =$S46*U44*8 -> 50.1144 | V46: =$S46*V44*8 -> -46.3464
C47: Accuracy | D47: 145 | E47: =D47+F47 -> 145 | G47: Mistake based on Rarity
C48: Spin | D48: 45 | E48: =D48+F48 -> 45 | G48: 20
C49: Loft | D49: 35 | E49: =D49+F49 -> 35
C50: Recovery | D50: 10 | E50: =D50+F50 -> 10
C51: Durability | D51: 100 | E51: =D51+F51 -> 100
H52: . | K52: Randomizer | L52: =RANDBETWEEN(0,3) -> 3 | M52: Mechanical Misake | N52: 1
L53: SemiRough | M53: SemiRough | U53: ROLL AFTER COEFFICIENT
F54: UPGRADES | L54: =VLOOKUP(L53,RECOVERY!$AA$8:$AP$10,7,FALSE) -> 1.3 | M54: =VLOOKUP(M53,RECOVERY!$AA$27:$AP$29,7,FALSE) -> 0.65 | N54: -1.5 | O54: 0 | P54: 1.5 | R54: 1/-1 | T54: 0.1 | U54: 1.33 | V54: -1.23
B55: COMMON | D55: Base Parameter | E55: Parameter | F55: =SUM(F56:F61)&"/25" -> 0/25 | G55: Base Rar Dist | H55: SHOT DISTANCE | I55: ACC. Coeff | J55: Shot Power Multiplyer | K55: ACC. DEVIATION | L55: REC. FOR ACC | M55: REC. FOR POWER | N55: TOP SPIN | O55: NO SPIN | P55: BACK SPIN | Q55: Deviation | R55: SIDE SPIN POWER | S55: Calculated Spin | T55: DEFAULT | U55: TOP SPIN | V55: BACK SPIN
B56: 4-Iron | C56: Power | D56: 80 | E56: =D56+F56 -> 80 | G56: 30 | H56: =$G$6+(E56/2)+$AB$6+(Z56/2)+$L$2 -> 101 | I56: =1-(E57/1000) -> 0.84 | J56: =ROUND(POWER(E56/100,0.5),3) -> 0.894 | K56: =(G58*J56*I56*N52) -> 15.0192 | L56: =1+(L54-1)*(1-E60/500) -> 1.294 | M56: =M54+((1-M54)*0.5*E60/400) -> 0.654375 | N56: =(E59+(Q56*N54))/1.3 -> 25.365385 | O56: =(D59+(P56*O54))/1.3 -> 26.923077 | P56: =(E59+(Q56*P54))/1.3 -> 28.480769 | Q56: =3*(E58/100) -> 1.35 | R56: =E58*1*(VLOOKUP(B56,SPIN!$M$27:$N$40,2,FALSE)) -> 2700 | S56: =E58*2*3.14/60 -> 4.71 | T56: =$S56*T54*8 -> 3.768 | U56: =$S56*U54*8 -> 50.1144 | V56: =$S56*V54*8 -> -46.3464
C57: Accuracy | D57: 160 | E57: =D57+F57 -> 160 | G57: Mistake based on Rarity
C58: Spin | D58: 45 | E58: =D58+F58 -> 45 | G58: 20
C59: Loft | D59: 35 | E59: =D59+F59 -> 35
C60: Recovery | D60: 10 | E60: =D60+F60 -> 10
C61: Durability | D61: 100 | E61: =D61+F61 -> 100
H62: . | K62: Randomizer | L62: =RANDBETWEEN(0,3) -> 2 | M62: Mechanical Misake | N62: 1
L63: SemiRough | M63: SemiRough | U63: ROLL AFTER COEFFICIENT
F64: UPGRADES | L64: =VLOOKUP(L63,RECOVERY!$AA$8:$AP$10,8,FALSE) -> 1.25 | M64: =VLOOKUP(M63,RECOVERY!$AA$27:$AP$29,8,FALSE) -> 0.75 | N64: -1.5 | O64: 0 | P64: 1.5 | R64: 1/-1 | T64: 0.1 | U64: 1.33 | V64: -1.23
B65: COMMON | D65: Base Parameter | E65: Parameter | F65: =SUM(F66:F71)&"/25" -> 0/25 | G65: Base Rar Dist | H65: SHOT DISTANCE | I65: ACC. Coeff | J65: Shot Power Multiplyer | K65: ACC. DEVIATION | L65: REC. FOR ACC | M65: REC. FOR POWER | N65: TOP SPIN | O65: NO SPIN | P65: BACK SPIN | Q65: Deviation | R65: SIDE SPIN POWER | S65: Calculated Spin | T65: DEFAULT | U65: TOP SPIN | V65: BACK SPIN
B66: 5-Iron | C66: Power | D66: 55 | E66: =D66+F66 -> 55 | G66: 30 | H66: =$G$6+(E66/2)+$AB$6+(Z66/2)+$L$2 -> 88.5 | I66: =1-(E67/1000) -> 0.825 | J66: =ROUND(POWER(E66/100,0.5),3) -> 0.742 | K66: =(G68*J66*I66*N62) -> 12.243 | L66: =1+(L64-1)*(1-E70/500) -> 1.245 | M66: =M64+((1-M64)*0.5*E70/400) -> 0.753125 | N66: =(E69+(Q66*N64))/1.3 -> 25.365385 | O66: =(D69+(P66*O64))/1.3 -> 26.923077 | P66: =(E69+(Q66*P64))/1.3 -> 28.480769 | Q66: =3*(E68/100) -> 1.35 | R66: =E68*1*(VLOOKUP(B66,SPIN!$M$27:$N$40,2,FALSE)) -> 3150 | S66: =E68*2*3.14/60 -> 4.71 | T66: =$S66*T64*8 -> 3.768 | U66: =$S66*U64*8 -> 50.1144 | V66: =$S66*V64*8 -> -46.3464
C67: Accuracy | D67: 175 | E67: =D67+F67 -> 175 | G67: Mistake based on Rarity
C68: Spin | D68: 45 | E68: =D68+F68 -> 45 | G68: 20
C69: Loft | D69: 35 | E69: =D69+F69 -> 35
C70: Recovery | D70: 10 | E70: =D70+F70 -> 10
C71: Durability | D71: 100 | E71: =D71+F71 -> 100
H72: . | K72: Randomizer | L72: =RANDBETWEEN(0,3) -> 2 | M72: Mechanical Misake | N72: 1
L73: SemiRough | M73: SemiRough | U73: ROLL AFTER COEFFICIENT
F74: UPGRADES | L74: =VLOOKUP(L73,RECOVERY!$AA$8:$AP$10,9,FALSE) -> 1.25 | M74: =VLOOKUP(M73,RECOVERY!$AA$27:$AP$29,9,FALSE) -> 0.75 | N74: -1.5 | O74: 0 | P74: 1.5 | R74: 1/-1 | T74: 0.1 | U74: 1.33 | V74: -1.23
B75: COMMON | D75: Base Parameter | E75: Parameter | F75: =SUM(F76:F81)&"/25" -> 0/25 | G75: Base Rar Dist | H75: SHOT DISTANCE | I75: ACC. Coeff | J75: Shot Power Multiplyer | K75: ACC. DEVIATION | L75: REC. FOR ACC | M75: REC. FOR POWER | N75: TOP SPIN | O75: NO SPIN | P75: BACK SPIN | Q75: Deviation | R75: SIDE SPIN POWER | S75: Calculated Spin | T75: DEFAULT | U75: TOP SPIN | V75: BACK SPIN
B76: 6-Iron | C76: Power | D76: 45 | E76: =D76+F76 -> 45 | G76: 30 | H76: =$G$6+(E76/2)+$AB$6+(Z76/2)+$L$2 -> 83.5 | I76: =1-(E77/1000) -> 0.83 | J76: =ROUND(POWER(E76/100,0.5),3) -> 0.671 | K76: =(G78*J76*I76*N72) -> 11.1386 | L76: =1+(L74-1)*(1-E80/500) -> 1.2425 | M76: =M74+((1-M74)*0.5*E80/400) -> 0.7546875 | N76: =(E79+(Q76*N74))/1.3 -> 24.673077 | O76: =(D79+(P76*O74))/1.3 -> 26.923077 | P76: =(E79+(Q76*P74))/1.3 -> 29.173077 | Q76: =3*(E78/100) -> 1.95 | R76: =E78*1*(VLOOKUP(B76,SPIN!$M$27:$N$40,2,FALSE)) -> 4550 | S76: =E78*2*3.14/60 -> 6.8033333 | T76: =$S76*T74*8 -> 5.4426667 | U76: =$S76*U74*8 -> 72.387467 | V76: =$S76*V74*8 -> -66.9448
C77: Accuracy | D77: 170 | E77: =D77+F77 -> 170 | G77: Mistake based on Rarity
C78: Spin | D78: 65 | E78: =D78+F78 -> 65 | G78: 20
C79: Loft | D79: 35 | E79: =D79+F79 -> 35
C80: Recovery | D80: 15 | E80: =D80+F80 -> 15
C81: Durability | D81: 100 | E81: =D81+F81 -> 100
H82: . | K82: Randomizer | L82: =RANDBETWEEN(0,3) -> 2 | M82: Mechanical Misake | N82: 1
L83: SemiRough | M83: SemiRough | U83: ROLL AFTER COEFFICIENT
F84: UPGRADES | L84: =VLOOKUP(L83,RECOVERY!$AA$8:$AP$10,10,FALSE) -> 1.25 | M84: =VLOOKUP(M83,RECOVERY!$AA$27:$AP$29,10,FALSE) -> 0.75 | N84: -1.5 | O84: 0 | P84: 1.5 | R84: 1/-1 | T84: 0.1 | U84: 1.33 | V84: -1.23
B85: COMMON | D85: Base Parameter | E85: Parameter | F85: =SUM(F86:F91)&"/25" -> 0/25 | G85: Base Rar Dist | H85: SHOT DISTANCE | I85: ACC. Coeff | J85: Shot Power Multiplyer | K85: ACC. DEVIATION | L85: REC. FOR ACC | M85: REC. FOR POWER | N85: TOP SPIN | O85: NO SPIN | P85: BACK SPIN | Q85: Deviation | R85: SIDE SPIN POWER | S85: Calculated Spin | T85: DEFAULT | U85: TOP SPIN | V85: BACK SPIN
B86: 7-Iron | C86: Power | D86: 45 | E86: =D86+F86 -> 45 | G86: 30 | H86: =$G$6+(E86/2)+$AB$6+(Z86/2)+$L$2 -> 83.5 | I86: =1-(E87/1000) -> 0.845 | J86: =ROUND(POWER(E86/100,0.5),3) -> 0.671 | K86: =(G88*J86*I86*N82) -> 11.3399 | L86: =1+(L84-1)*(1-E90/500) -> 1.2425 | M86: =M84+((1-M84)*0.5*E90/400) -> 0.7546875 | N86: =(E89+(Q86*N84))/1.3 -> 24.153846 | O86: =(D89+(P86*O84))/1.3 -> 26.923077 | P86: =(E89+(Q86*P84))/1.3 -> 29.692308 | Q86: =3*(E88/100) -> 2.4 | R86: =E88*1*(VLOOKUP(B86,SPIN!$M$27:$N$40,2,FALSE)) -> 5600 | S86: =E88*2*3.14/60 -> 8.3733333 | T86: =$S86*T84*8 -> 6.6986667 | U86: =$S86*U84*8 -> 89.092267 | V86: =$S86*V84*8 -> -82.3936
C87: Accuracy | D87: 155 | E87: =D87+F87 -> 155 | G87: Mistake based on Rarity
C88: Spin | D88: 80 | E88: =D88+F88 -> 80 | G88: 20
C89: Loft | D89: 35 | E89: =D89+F89 -> 35
C90: Recovery | D90: 15 | E90: =D90+F90 -> 15
C91: Durability | D91: 100 | E91: =D91+F91 -> 100
H92: . | K92: Randomizer | L92: =RANDBETWEEN(0,3) -> 0 | M92: Mechanical Misake | N92: 1
L93: SemiRough | M93: SemiRough | U93: ROLL AFTER COEFFICIENT
F94: UPGRADES | L94: =VLOOKUP(L93,RECOVERY!$AA$8:$AP$10,11,FALSE) -> 1.2 | M94: =VLOOKUP(M93,RECOVERY!$AA$27:$AP$29,11,FALSE) -> 0.75 | N94: -1.5 | O94: 0 | P94: 1.5 | R94: 1/-1 | T94: 0.1 | U94: 1.33 | V94: -1.23
B95: COMMON | D95: Base Parameter | E95: Parameter | F95: =SUM(F96:F101)&"/25" -> 0/25 | G95: Base Rar Dist | H95: SHOT DISTANCE | I95: ACC. Coeff | J95: Shot Power Multiplyer | K95: ACC. DEVIATION | L95: REC. FOR ACC | M95: REC. FOR POWER | N95: TOP SPIN | O95: NO SPIN | P95: BACK SPIN | Q95: Deviation | R95: SIDE SPIN POWER | S95: Calculated Spin | T95: DEFAULT | U95: TOP SPIN | V95: BACK SPIN
B96: 8-Iron | C96: Power | D96: 40 | E96: =D96+F96 -> 40 | G96: 30 | H96: =$G$6+(E96/2)+$AB$6+(Z96/2)+$L$2 -> 81 | I96: =1-(E97/1000) -> 0.855 | J96: =ROUND(POWER(E96/100,0.5),3) -> 0.632 | K96: =(G98*J96*I96*N92) -> 10.8072 | L96: =1+(L94-1)*(1-E100/500) -> 1.188 | M96: =M94+((1-M94)*0.5*E100/400) -> 0.759375 | N96: =(E99+(Q96*N94))/1.3 -> 26.634615 | O96: =(D99+(P96*O94))/1.3 -> 29.230769 | P96: =(E99+(Q96*P94))/1.3 -> 31.826923 | Q96: =3*(E98/100) -> 2.25 | R96: =E98*1*(VLOOKUP(B96,SPIN!$M$27:$N$40,2,FALSE)) -> 6000 | S96: =E98*2*3.14/60 -> 7.85 | T96: =$S96*T94*8 -> 6.28 | U96: =$S96*U94*8 -> 83.524 | V96: =$S96*V94*8 -> -77.244
C97: Accuracy | D97: 145 | E97: =D97+F97 -> 145 | G97: Mistake based on Rarity
C98: Spin | D98: 75 | E98: =D98+F98 -> 75 | G98: 20
C99: Loft | D99: 38 | E99: =D99+F99 -> 38
C100: Recovery | D100: 30 | E100: =D100+F100 -> 30
C101: Durability | D101: 100 | E101: =D101+F101 -> 100
...

Sheet DEFAULT CLUBS-UNCOMMON
H2: . | K2: Randomizer | L2: =RANDBETWEEN(0,3) -> 3 | M2: Mechanical Misake | N2: 1 | X2: CHARCTER | AA2: UPGRADES
L3: SemiRough | M3: SemiRough | U3: ROLL AFTER COEFFICIENT
F4: UPGRADES | L4: =VLOOKUP(L3,RECOVERY!$AA$8:$AP$10,2,FALSE) -> 1.4 | M4: =VLOOKUP(M3,RECOVERY!$AA$27:$AP$29,2,FALSE) -> 0.65 | N4: -1.5 | O4: 0 | P4: 1.5 | R4: 1/-1 | T4: 0.1 | U4: 1.33 | V4: -1.23
B5: UNCOMMON | D5: Base Parameter | E5: Parameter | F5: =SUM(F6:F11)&"/55" -> 0/55 | G5: Base Rar Dist | H5: SHOT DISTANCE | I5: ACC. Coeff | J5: Shot Power Multiplyer | K5: ACC. DEVIATION | L5: REC. FOR ACC | M5: REC. FOR POWER | N5: TOP SPIN | O5: NO SPIN | P5: BACK SPIN | Q5: Deviation | R5: SIDE SPIN POWER | S5: Calculated Spin | T5: DEFAULT | U5: TOP SPIN | V5: BACK SPIN | X5: UNCOMMON | Y5: Base Parameter | Z5: Parameter | AA5: =SUM(AA6:AA9)&"/55" -> 0/55 | AB5: Base Rar Dist
B6: Driver | C6: Power | D6: 150 | E6: =D6+F6 -> 150 | G6: 35 | H6: =$G$6+(E6/2)+$AB$6+(Z6/2)+$L$2 -> 158 | I6: =1-(E7/1000) -> 0.8 | J6: =ROUND(POWER(E6/100,0.5),3) -> 1.225 | K6: =(G8*J6*I6*N2) -> 16.66 | L6: =1+(L4-1)*(1-E10/500) -> 1.3944 | M6: =M4+((1-M4)*0.5*E10/400) -> 0.6530625 | N6: =(E9+(Q6*N4))/1.3 -> 25.365385 | O6: =(D9+(P6*O4))/1.3 -> 26.923077 | P6: =(E9+(Q6*P4))/1.3 -> 28.480769 | Q6: =3*(E8/100) -> 1.35 | R6: =E8*1*(VLOOKUP(B6,SPIN!$M$27:$N$40,2,FALSE)) -> 1800 | S6: =E8*2*3.14/60 -> 4.71 | T6: =$S6*T4*8 -> 3.768 | U6: =$S6*U4*8 -> 50.1144 | V6: =$S6*V4*8 -> -46.3464 | X6: STRENGTH | Y6: 30 | Z6: =Y6+AA6 -> 30 | AB6: 30
C7: Accuracy | D7: 200 | E7: =D7+F7 -> 200 | G7: Mistake based on Rarity | H7: . | X7: CLUB CONTROL | Y7: 50 | Z7: =Y7+AA7 -> 50
C8: Spin | D8: 45 | E8: =D8+F8 -> 45 | G8: 17 | X8: STAMINA | Y8: 150 | Z8: =Y8+AA8 -> 150
C9: Loft | D9: ='DEFAULT CLUBS-COMMON'!D9 -> 35 | E9: =D9+F9 -> 35 | X9: STAMINA REG | Y9: 5 | Z9: =Y9+AA9 -> 5
C10: Recovery | D10: =D20-6 -> 7 | E10: =D10+F10 -> 7
C11: Durability | D11: 150 | E11: =D11+F11 -> 150
H12: . | K12: Randomizer | L12: =RANDBETWEEN(0,3) -> 0 | M12: Mechanical Misake | N12: 1
L13: SemiRough | M13: SemiRough | U13: ROLL AFTER COEFFICIENT
F14: UPGRADES | L14: =VLOOKUP(L13,RECOVERY!$AA$8:$AP$10,3,FALSE) -> 1.4 | M14: =VLOOKUP(M13,RECOVERY!$AA$27:$AP$29,3,FALSE) -> 0.65 | N14: -1.5 | O14: 0 | P14: 1.5 | R14: 1/-1 | T14: 0.1 | U14: 1.33 | V14: -1.23
B15: UNCOMMON | D15: Base Parameter | E15: Parameter | F15: =SUM(F16:F21)&"/55" -> 0/55 | G15: Base Rar Dist | H15: SHOT DISTANCE | I15: ACC. Coeff | J15: Shot Power Multiplyer | K15: ACC. DEVIATION | L15: REC. FOR ACC | M15: REC. FOR POWER | N15: TOP SPIN | O15: NO SPIN | P15: BACK SPIN | Q15: Deviation | R15: SIDE SPIN POWER | S15: Calculated Spin | T15: DEFAULT | U15: TOP SPIN | V15: BACK SPIN
B16: 3-Wood | C16: Power | D16: =D6-10 -> 140 | E16: =D16+F16 -> 140 | G16: 35 | H16: =$G$6+(E16/2)+$AB$6+(Z16/2)+$L$2 -> 138 | I16: =1-(E17/1000) -> 0.8 | J16: =ROUND(POWER(E16/100,0.5),3) -> 1.183 | K16: =(G18*J16*I16*N12) -> 16.0888 | L16: =1+(L14-1)*(1-E20/500) -> 1.3896 | M16: =M14+((1-M14)*0.5*E20/400) -> 0.6556875 | N16: =(E19+(Q16*N14))/1.3 -> 24.846154 | O16: =(D19+(P16*O14))/1.3 -> 26.923077 | P16: =(E19+(Q16*P14))/1.3 -> 29 | Q16: =3*(E18/100) -> 1.8 | R16: =E18*1*(VLOOKUP(B16,SPIN!$M$27:$N$40,2,FALSE)) -> 3000 | S16: =E18*2*3.14/60 -> 6.28 | T16: =$S16*T14*8 -> 5.024 | U16: =$S16*U14*8 -> 66.8192 | V16: =$S16*V14*8 -> -61.7952
C17: Accuracy | D17: 200 | E17: =D17+F17 -> 200 | G17: Mistake based on Rarity
C18: Spin | D18: 60 | E18: =D18+F18 -> 60 | G18: 17
C19: Loft | D19: ='DEFAULT CLUBS-COMMON'!D19 -> 35 | E19: =D19+F19 -> 35
C20: Recovery | D20: =D30 -> 13 | E20: =D20+F20 -> 13
C21: Durability | D21: =D11 -> 150 | E21: =D21+F21 -> 150
H22: . | K22: Randomizer | L22: =RANDBETWEEN(0,3) -> 3 | M22: Mechanical Misake | N22: 1
L23: SemiRough | M23: SemiRough | U23: ROLL AFTER COEFFICIENT
F24: UPGRADES | L24: =VLOOKUP(L23,RECOVERY!$AA$8:$AP$10,4,FALSE) -> 1.4 | M24: =VLOOKUP(M23,RECOVERY!$AA$27:$AP$29,4,FALSE) -> 0.65 | N24: -1.5 | O24: 0 | P24: 1.5 | R24: 1/-1 | T24: 0.1 | U24: 1.33 | V24: -1.23
B25: UNCOMMON | D25: Base Parameter | E25: Parameter | F25: =SUM(F26:F31)&"/55" -> 0/55 | G25: Base Rar Dist | H25: SHOT DISTANCE | I25: ACC. Coeff | J25: Shot Power Multiplyer | K25: ACC. DEVIATION | L25: REC. FOR ACC | M25: REC. FOR POWER | N25: TOP SPIN | O25: NO SPIN | P25: BACK SPIN | Q25: Deviation | R25: SIDE SPIN POWER | S25: Calculated Spin | T25: DEFAULT | U25: TOP SPIN | V25: BACK SPIN
B26: 5-Wood | C26: Power | D26: =D16-10 -> 130 | E26: =D26+F26 -> 130 | G26: 35 | H26: =$G$6+(E26/2)+$AB$6+(Z26/2)+$L$2 -> 133 | I26: =1-(E27/1000) -> 0.795 | J26: =ROUND(POWER(E26/100,0.5),3) -> 1.14 | K26: =(G28*J26*I26*N22) -> 15.4071 | L26: =1+(L24-1)*(1-E30/500) -> 1.3896 | M26: =M24+((1-M24)*0.5*E30/400) -> 0.6556875 | N26: =(E29+(Q26*N24))/1.3 -> 24.673077 | O26: =(D29+(P26*O24))/1.3 -> 26.923077 | P26: =(E29+(Q26*P24))/1.3 -> 29.173077 | Q26: =3*(E28/100) -> 1.95 | R26: =E28*1*(VLOOKUP(B26,SPIN!$M$27:$N$40,2,FALSE)) -> 3250 | S26: =E28*2*3.14/60 -> 6.8033333 | T26: =$S26*T24*8 -> 5.4426667 | U26: =$S26*U24*8 -> 72.387467 | V26: =$S26*V24*8 -> -66.9448
C27: Accuracy | D27: =D17+5 -> 205 | E27: =D27+F27 -> 205 | G27: Mistake based on Rarity
C28: Spin | D28: 65 | E28: =D28+F28 -> 65 | G28: 17
C29: Loft | D29: ='DEFAULT CLUBS-COMMON'!D29 -> 35 | E29: =D29+F29 -> 35
C30: Recovery | D30: =D40 -> 13 | E30: =D30+F30 -> 13
C31: Durability | D31: =D21 -> 150 | E31: =D31+F31 -> 150
H32: . | K32: Randomizer | L32: =RANDBETWEEN(0,3) -> 1 | M32: Mechanical Misake | N32: 1
L33: SemiRough | M33: SemiRough | U33: ROLL AFTER COEFFICIENT
F34: UPGRADES | L34: =VLOOKUP(L33,RECOVERY!$AA$8:$AP$10,5,FALSE) -> 1.4 | M34: =VLOOKUP(M33,RECOVERY!$AA$27:$AP$29,5,FALSE) -> 0.65 | N34: -1.5 | O34: 0 | P34: 1.5 | R34: 1/-1 | T34: 0.1 | U34: 1.33 | V34: -1.23
B35: UNCOMMON | D35: Base Parameter | E35: Parameter | F35: =SUM(F36:F41)&"/55" -> 0/55 | G35: Base Rar Dist | H35: SHOT DISTANCE | I35: ACC. Coeff | J35: Shot Power Multiplyer | K35: ACC. DEVIATION | L35: REC. FOR ACC | M35: REC. FOR POWER | N35: TOP SPIN | O35: NO SPIN | P35: BACK SPIN | Q35: Deviation | R35: SIDE SPIN POWER | S35: Calculated Spin | T35: DEFAULT | U35: TOP SPIN | V35: BACK SPIN
B36: 7-Wood | C36: Power | D36: =D26-10 -> 120 | E36: =D36+F36 -> 120 | G36: 35 | H36: =$G$6+(E36/2)+$AB$6+(Z36/2)+$L$2 -> 128 | I36: =1-(E37/1000) -> 0.795 | J36: =ROUND(POWER(E36/100,0.5),3) -> 1.095 | K36: =(G38*J36*I36*N32) -> 14.798925 | L36: =1+(L34-1)*(1-E40/500) -> 1.3896 | M36: =M34+((1-M34)*0.5*E40/400) -> 0.6556875 | N36: =(E39+(Q36*N34))/1.3 -> 24.534615 | O36: =(D39+(P36*O34))/1.3 -> 26.923077 | P36: =(E39+(Q36*P34))/1.3 -> 29.311538 | Q36: =3*(E38/100) -> 2.07 | R36: =E38*1*(VLOOKUP(B36,SPIN!$M$27:$N$40,2,FALSE)) -> 3450 | S36: =E38*2*3.14/60 -> 7.222 | T36: =$S36*T34*8 -> 5.7776 | U36: =$S36*U34*8 -> 76.84208 | V36: =$S36*V34*8 -> -71.06448
C37: Accuracy | D37: =D27 -> 205 | E37: =D37+F37 -> 205 | G37: Mistake based on Rarity
C38: Spin | D38: 69 | E38: =D38+F38 -> 69 | G38: 17
C39: Loft | D39: ='DEFAULT CLUBS-COMMON'!D39 -> 35 | E39: =D39+F39 -> 35
C40: Recovery | D40: =D50 -> 13 | E40: =D40+F40 -> 13
C41: Durability | D41: =D31 -> 150 | E41: =D41+F41 -> 150
H42: . | K42: Randomizer | L42: =RANDBETWEEN(0,3) -> 0 | M42: Mechanical Misake | N42: 1
L43: SemiRough | M43: SemiRough | U43: ROLL AFTER COEFFICIENT
F44: UPGRADES | L44: =VLOOKUP(L43,RECOVERY!$AA$8:$AP$10,6,FALSE) -> 1.3 | M44: =VLOOKUP(M43,RECOVERY!$AA$27:$AP$29,6,FALSE) -> 0.65 | N44: -1.5 | O44: 0 | P44: 1.5 | R44: 1/-1 | T44: 0.1 | U44: 1.33 | V44: -1.23
B45: UNCOMMON | D45: Base Parameter | E45: Parameter | F45: =SUM(F46:F51)&"/55" -> 0/55 | G45: Base Rar Dist | H45: SHOT DISTANCE | I45: ACC. Coeff | J45: Shot Power Multiplyer | K45: ACC. DEVIATION | L45: REC. FOR ACC | M45: REC. FOR POWER | N45: TOP SPIN | O45: NO SPIN | P45: BACK SPIN | Q45: Deviation | R45: SIDE SPIN POWER | S45: Calculated Spin | T45: DEFAULT | U45: TOP SPIN | V45: BACK SPIN
B46: 3-Iron | C46: Power | D46: =D36-10 -> 110 | E46: =D46+F46 -> 110 | G46: 35 | H46: =$G$6+(E46/2)+$AB$6+(Z46/2)+$L$2 -> 123 | I46: =1-(E47/1000) -> 0.79 | J46: =ROUND(POWER(E46/100,0.5),3) -> 1.049 | K46: =(G48*J46*I46*N42) -> 14.08807 | L46: =1+(L44-1)*(1-E50/500) -> 1.2922 | M46: =M44+((1-M44)*0.5*E50/400) -> 0.6556875 | N46: =(E49+(Q46*N44))/1.3 -> 24.673077 | O46: =(D49+(P46*O44))/1.3 -> 26.923077 | P46: =(E49+(Q46*P44))/1.3 -> 29.173077 | Q46: =3*(E48/100) -> 1.95 | R46: =E48*1*(VLOOKUP(B46,SPIN!$M$27:$N$40,2,FALSE)) -> 3900 | S46: =E48*2*3.14/60 -> 6.8033333 | T46: =$S46*T44*8 -> 5.4426667 | U46: =$S46*U44*8 -> 72.387467 | V46: =$S46*V44*8 -> -66.9448
C47: Accuracy | D47: =D37+5 -> 210 | E47: =D47+F47 -> 210 | G47: Mistake based on Rarity
C48: Spin | D48: 65 | E48: =D48+F48 -> 65 | G48: 17
C49: Loft | D49: ='DEFAULT CLUBS-COMMON'!D49 -> 35 | E49: =D49+F49 -> 35
C50: Recovery | D50: =D60-10 -> 13 | E50: =D50+F50 -> 13
C51: Durability | D51: =D41 -> 150 | E51: =D51+F51 -> 150
H52: . | K52: Randomizer | L52: =RANDBETWEEN(0,3) -> 3 | M52: Mechanical Misake | N52: 1
L53: SemiRough | M53: SemiRough | U53: ROLL AFTER COEFFICIENT
F54: UPGRADES | L54: =VLOOKUP(L53,RECOVERY!$AA$8:$AP$10,7,FALSE) -> 1.3 | M54: =VLOOKUP(M53,RECOVERY!$AA$27:$AP$29,7,FALSE) -> 0.65 | N54: -1.5 | O54: 0 | P54: 1.5 | R54: 1/-1 | T54: 0.1 | U54: 1.33 | V54: -1.23
B55: UNCOMMON | D55: Base Parameter | E55: Parameter | F55: =SUM(F56:F61)&"/55" -> 0/55 | G55: Base Rar Dist | H55: SHOT DISTANCE | I55: ACC. Coeff | J55: Shot Power Multiplyer | K55: ACC. DEVIATION | L55: REC. FOR ACC | M55: REC. FOR POWER | N55: TOP SPIN | O55: NO SPIN | P55: BACK SPIN | Q55: Deviation | R55: SIDE SPIN POWER | S55: Calculated Spin | T55: DEFAULT | U55: TOP SPIN | V55: BACK SPIN
B56: 4-Iron | C56: Power | D56: =D46-10 -> 100 | E56: =D56+F56 -> 100 | G56: 35 | H56: =$G$6+(E56/2)+$AB$6+(Z56/2)+$L$2 -> 118 | I56: =1-(E57/1000) -> 0.79 | J56: =ROUND(POWER(E56/100,0.5),3) -> 1 | K56: =(G58*J56*I56*N52) -> 13.43 | L56: =1+(L54-1)*(1-E60/500) -> 1.2862 | M56: =M54+((1-M54)*0.5*E60/400) -> 0.6600625 | N56: =(E59+(Q56*N54))/1.3 -> 24.673077 | O56: =(D59+(P56*O54))/1.3 -> 26.923077 | P56: =(E59+(Q56*P54))/1.3 -> 29.173077 | Q56: =3*(E58/100) -> 1.95 | R56: =E58*1*(VLOOKUP(B56,SPIN!$M$27:$N$40,2,FALSE)) -> 3900 | S56: =E58*2*3.14/60 -> 6.8033333 | T56: =$S56*T54*8 -> 5.4426667 | U56: =$S56*U54*8 -> 72.387467 | V56: =$S56*V54*8 -> -66.9448
C57: Accuracy | D57: =D47 -> 210 | E57: =D57+F57 -> 210 | G57: Mistake based on Rarity
C58: Spin | D58: 65 | E58: =D58+F58 -> 65 | G58: 17
C59: Loft | D59: ='DEFAULT CLUBS-COMMON'!D59 -> 35 | E59: =D59+F59 -> 35
C60: Recovery | D60: =D70 -> 23 | E60: =D60+F60 -> 23
C61: Durability | D61: =D51 -> 150 | E61: =D61+F61 -> 150
H62: . | K62: Randomizer | L62: =RANDBETWEEN(0,3) -> 0 | M62: Mechanical Misake | N62: 1
L63: SemiRough | M63: SemiRough | U63: ROLL AFTER COEFFICIENT
F64: UPGRADES | L64: =VLOOKUP(L63,RECOVERY!$AA$8:$AP$10,8,FALSE) -> 1.25 | M64: =VLOOKUP(M63,RECOVERY!$AA$27:$AP$29,8,FALSE) -> 0.75 | N64: -1.5 | O64: 0 | P64: 1.5 | R64: 1/-1 | T64: 0.1 | U64: 1.33 | V64: -1.23
B65: UNCOMMON | D65: Base Parameter | E65: Parameter | F65: =SUM(F66:F71)&"/55" -> 0/55 | G65: Base Rar Dist | H65: SHOT DISTANCE | I65: ACC. Coeff | J65: Shot Power Multiplyer | K65: ACC. DEVIATION | L65: REC. FOR ACC | M65: REC. FOR POWER | N65: TOP SPIN | O65: NO SPIN | P65: BACK SPIN | Q65: Deviation | R65: SIDE SPIN POWER | S65: Calculated Spin | T65: DEFAULT | U65: TOP SPIN | V65: BACK SPIN
B66: 5-Iron | C66: Power | D66: =D56-10 -> 90 | E66: =D66+F66 -> 90 | G66: 35 | H66: =$G$6+(E66/2)+$AB$6+(Z66/2)+$L$2 -> 113 | I66: =1-(E67/1000) -> 0.785 | J66: =ROUND(POWER(E66/100,0.5),3) -> 0.949 | K66: =(G68*J66*I66*N62) -> 12.664405 | L66: =1+(L64-1)*(1-E70/500) -> 1.2385 | M66: =M64+((1-M64)*0.5*E70/400) -> 0.7571875 | N66: =(E69+(Q66*N64))/1.3 -> 24.326923 | O66: =(D69+(P66*O64))/1.3 -> 26.923077 | P66: =(E69+(Q66*P64))/1.3 -> 29.519231 | Q66: =3*(E68/100) -> 2.25 | R66: =E68*1*(VLOOKUP(B66,SPIN!$M$27:$N$40,2,FALSE)) -> 5250 | S66: =E68*2*3.14/60 -> 7.85 | T66: =$S66*T64*8 -> 6.28 | U66: =$S66*U64*8 -> 83.524 | V66: =$S66*V64*8 -> -77.244
C67: Accuracy | D67: =D57+5 -> 215 | E67: =D67+F67 -> 215 | G67: Mistake based on Rarity
C68: Spin | D68: 75 | E68: =D68+F68 -> 75 | G68: 17
C69: Loft | D69: ='DEFAULT CLUBS-COMMON'!D69 -> 35 | E69: =D69+F69 -> 35
C70: Recovery | D70: =D80 -> 23 | E70: =D70+F70 -> 23
C71: Durability | D71: =D61 -> 150 | E71: =D71+F71 -> 150
H72: . | K72: Randomizer | L72: =RANDBETWEEN(0,3) -> 0 | M72: Mechanical Misake | N72: 1
L73: SemiRough | M73: SemiRough | U73: ROLL AFTER COEFFICIENT
F74: UPGRADES | L74: =VLOOKUP(L73,RECOVERY!$AA$8:$AP$10,9,FALSE) -> 1.25 | M74: =VLOOKUP(M73,RECOVERY!$AA$27:$AP$29,9,FALSE) -> 0.75 | N74: -1.5 | O74: 0 | P74: 1.5 | R74: 1/-1 | T74: 0.1 | U74: 1.33 | V74: -1.23
B75: UNCOMMON | D75: Base Parameter | E75: Parameter | F75: =SUM(F76:F81)&"/55" -> 0/55 | G75: Base Rar Dist | H75: SHOT DISTANCE | I75: ACC. Coeff | J75: Shot Power Multiplyer | K75: ACC. DEVIATION | L75: REC. FOR ACC | M75: REC. FOR POWER | N75: TOP SPIN | O75: NO SPIN | P75: BACK SPIN | Q75: Deviation | R75: SIDE SPIN POWER | S75: Calculated Spin | T75: DEFAULT | U75: TOP SPIN | V75: BACK SPIN
B76: 6-Iron | C76: Power | D76: =D66-10 -> 80 | E76: =D76+F76 -> 80 | G76: 35 | H76: =$G$6+(E76/2)+$AB$6+(Z76/2)+$L$2 -> 108 | I76: =1-(E77/1000) -> 0.785 | J76: =ROUND(POWER(E76/100,0.5),3) -> 0.894 | K76: =(G78*J76*I76*N72) -> 11.93043 | L76: =1+(L74-1)*(1-E80/500) -> 1.2385 | M76: =M74+((1-M74)*0.5*E80/400) -> 0.7571875 | N76: =(E79+(Q76*N74))/1.3 -> 24.326923 | O76: =(D79+(P76*O74))/1.3 -> 26.923077 | P76: =(E79+(Q76*P74))/1.3 -> 29.519231 | Q76: =3*(E78/100) -> 2.25 | R76: =E78*1*(VLOOKUP(B76,SPIN!$M$27:$N$40,2,FALSE)) -> 5250 | S76: =E78*2*3.14/60 -> 7.85 | T76: =$S76*T74*8 -> 6.28 | U76: =$S76*U74*8 -> 83.524 | V76: =$S76*V74*8 -> -77.244
C77: Accuracy | D77: =D67 -> 215 | E77: =D77+F77 -> 215 | G77: Mistake based on Rarity
C78: Spin | D78: 75 | E78: =D78+F78 -> 75 | G78: 17
C79: Loft | D79: ='DEFAULT CLUBS-COMMON'!D79 -> 35 | E79: =D79+F79 -> 35
C80: Recovery | D80: =D90-12 -> 23 | E80: =D80+F80 -> 23
C81: Durability | D81: =D71 -> 150 | E81: =D81+F81 -> 150
H82: . | K82: Randomizer | L82: =RANDBETWEEN(0,3) -> 0 | M82: Mechanical Misake | N82: 1
L83: SemiRough | M83: SemiRough | U83: ROLL AFTER COEFFICIENT
F84: UPGRADES | L84: =VLOOKUP(L83,RECOVERY!$AA$8:$AP$10,10,FALSE) -> 1.25 | M84: =VLOOKUP(M83,RECOVERY!$AA$27:$AP$29,10,FALSE) -> 0.75 | N84: -1.5 | O84: 0 | P84: 1.5 | R84: 1/-1 | T84: 0.1 | U84: 1.33 | V84: -1.23
B85: UNCOMMON | D85: Base Parameter | E85: Parameter | F85: =SUM(F86:F91)&"/55" -> 0/55 | G85: Base Rar Dist | H85: SHOT DISTANCE | I85: ACC. Coeff | J85: Shot Power Multiplyer | K85: ACC. DEVIATION | L85: REC. FOR ACC | M85: REC. FOR POWER | N85: TOP SPIN | O85: NO SPIN | P85: BACK SPIN | Q85: Deviation | R85: SIDE SPIN POWER | S85: Calculated Spin | T85: DEFAULT | U85: TOP SPIN | V85: BACK SPIN
B86: 7-Iron | C86: Power | D86: =D76-10 -> 70 | E86: =D86+F86 -> 70 | G86: 35 | H86: =$G$6+(E86/2)+$AB$6+(Z86/2)+$L$2 -> 103 | I86: =1-(E87/1000) -> 0.78 | J86: =ROUND(POWER(E86/100,0.5),3) -> 0.837 | K86: =(G88*J86*I86*N82) -> 11.09862 | L86: =1+(L84-1)*(1-E90/500) -> 1.2325 | M86: =M84+((1-M84)*0.5*E90/400) -> 0.7609375 | N86: =(E89+(Q86*N84))/1.3 -> 24.326923 | O86: =(D89+(P86*O84))/1.3 -> 26.923077 | P86: =(E89+(Q86*P84))/1.3 -> 29.519231 | Q86: =3*(E88/100) -> 2.25 | R86: =E88*1*(VLOOKUP(B86,SPIN!$M$27:$N$40,2,FALSE)) -> 5250 | S86: =E88*2*3.14/60 -> 7.85 | T86: =$S86*T84*8 -> 6.28 | U86: =$S86*U84*8 -> 83.524 | V86: =$S86*V84*8 -> -77.244
C87: Accuracy | D87: =D77+5 -> 220 | E87: =D87+F87 -> 220 | G87: Mistake based on Rarity
C88: Spin | D88: 75 | E88: =D88+F88 -> 75 | G88: 17
C89: Loft | D89: ='DEFAULT CLUBS-COMMON'!D89 -> 35 | E89: =D89+F89 -> 35
C90: Recovery | D90: =D100 -> 35 | E90: =D90+F90 -> 35
C91: Durability | D91: =D81 -> 150 | E91: =D91+F91 -> 150
H92: . | K92: Randomizer | L92: =RANDBETWEEN(0,3) -> 2 | M92: Mechanical Misake | N92: 1
L93: SemiRough | M93: SemiRough | U93: ROLL AFTER COEFFICIENT
F94: UPGRADES | L94: =VLOOKUP(L93,RECOVERY!$AA$8:$AP$10,11,FALSE) -> 1.2 | M94: =VLOOKUP(M93,RECOVERY!$AA$27:$AP$29,11,FALSE) -> 0.75 | N94: -1.5 | O94: 0 | P94: 1.5 | R94: 1/-1 | T94: 0.1 | U94: 1.33 | V94: -1.23
B95: UNCOMMON | D95: Base Parameter | E95: Parameter | F95: =SUM(F96:F101)&"/55" -> 0/55 | G95: Base Rar Dist | H95: SHOT DISTANCE | I95: ACC. Coeff | J95: Shot Power Multiplyer | K95: ACC. DEVIATION | L95: REC. FOR ACC | M95: REC. FOR POWER | N95: TOP SPIN | O95: NO SPIN | P95: BACK SPIN | Q95: Deviation | R95: SIDE SPIN POWER | S95: Calculated Spin | T95: DEFAULT | U95: TOP SPIN | V95: BACK SPIN
B96: 8-Iron | C96: Power | D96: =D86-10 -> 60 | E96: =D96+F96 -> 60 | G96: 35 | H96: =$G$6+(E96/2)+$AB$6+(Z96/2)+$L$2 -> 98 | I96: =1-(E97/1000) -> 0.78 | J96: =ROUND(POWER(E96/100,0.5),3) -> 0.775 | K96: =(G98*J96*I96*N92) -> 10.2765 | L96: =1+(L94-1)*(1-E100/500) -> 1.186 | M96: =M94+((1-M94)*0.5*E100/400) -> 0.7609375 | N96: =(E99+(Q96*N94))/1.3 -> 26.461538 | O96: =(D99+(P96*O94))/1.3 -> 29.230769 | P96: =(E99+(Q96*P94))/1.3 -> 32 | Q96: =3*(E98/100) -> 2.4 | R96: =E98*1*(VLOOKUP(B96,SPIN!$M$27:$N$40,2,FALSE)) -> 6400 | S96: =E98*2*3.14/60 -> 8.3733333 | T96: =$S96*T94*8 -> 6.6986667 | U96: =$S96*U94*8 -> 89.092267 | V96: =$S96*V94*8 -> -82.3936
C97: Accuracy | D97: =D87 -> 220 | E97: =D97+F97 -> 220 | G97: Mistake based on Rarity
C98: Spin | D98: 80 | E98: =D98+F98 -> 80 | G98: 17
C99: Loft | D99: ='DEFAULT CLUBS-COMMON'!D99 -> 38 | E99: =D99+F99 -> 38
C100: Recovery | D100: =D110 -> 35 | E100: =D100+F100 -> 35
C101: Durability | D101: =D91 -> 150 | E101: =D101+F101 -> 150
...

Sheet DEFAULT CLUBS-RARE
H2: . | K2: Randomizer | L2: =RANDBETWEEN(0,3) -> 0 | M2: Mechanical Misake | N2: 1 | X2: CHARCTER | AA2: UPGRADES
L3: SemiRough | M3: SemiRough | U3: ROLL AFTER COEFFICIENT
F4: UPGRADES | L4: =VLOOKUP(L3,RECOVERY!$AA$8:$AP$10,2,FALSE) -> 1.4 | M4: =VLOOKUP(M3,RECOVERY!$AA$27:$AP$29,2,FALSE) -> 0.65 | N4: -1.5 | O4: 0 | P4: 1.5 | R4: 1/-1 | T4: 0.1 | U4: 1.33 | V4: -1.23
B5: RARE | D5: Base Parameter | E5: Parameter | F5: =SUM(F6:F11)&"/100" -> 100/100 | G5: Base Rar Dist | H5: SHOT DISTANCE | I5: ACC. Coeff | J5: Shot Power Multiplyer | K5: ACC. DEVIATION | L5: REC. FOR ACC | M5: REC. FOR POWER | N5: TOP SPIN | O5: NO SPIN | P5: BACK SPIN | Q5: Deviation | R5: SIDE SPIN POWER | S5: Calculated Spin | T5: DEFAULT | U5: TOP SPIN | V5: BACK SPIN | X5: RARE | Y5: Base Parameter | Z5: Parameter | AA5: =SUM(AA6:AA9)&"/55" -> 0/55 | AB5: Base Rar Dist
B6: Driver | C6: Power | D6: 180 | E6: =D6+F6 -> 180 | G6: 40 | H6: =$G$6+(E6/2)+$AB$6+(Z6/2)+$L$2 -> 175 | I6: =1-(E7/1000) -> 0.75 | J6: =ROUND(POWER(E6/100,0.5),3) -> 1.342 | K6: =(G8*J6*I6*N2) -> 14.091 | L6: =1+(L4-1)*(1-E10/500) -> 1.3024 | M6: =M4+((1-M4)*0.5*E10/400) -> 0.703375 | N6: =(E9+(Q6*N4))/1.3 -> 24.673077 | O6: =(D9+(P6*O4))/1.3 -> 26.923077 | P6: =(E9+(Q6*P4))/1.3 -> 29.173077 | Q6: =3*(E8/100) -> 1.95 | R6: =E8*1*(VLOOKUP(B6,SPIN!$M$27:$N$40,2,FALSE)) -> 2600 | S6: =E8*2*3.14/60 -> 6.8033333 | T6: =$S6*T4*8 -> 5.4426667 | U6: =$S6*U4*8 -> 72.387467 | V6: =$S6*V4*8 -> -66.9448 | X6: STRENGTH | Y6: 30 | Z6: =Y6+AA6 -> 30 | AB6: 30
C7: Accuracy | D7: 250 | E7: =D7+F7 -> 250 | G7: Mistake based on Rarity | H7: . | X7: CLUB CONTROL | Y7: 50 | Z7: =Y7+AA7 -> 50
C8: Spin | D8: 65 | E8: =D8+F8 -> 65 | G8: 14 | X8: STAMINA | Y8: 150 | Z8: =Y8+AA8 -> 150
C9: Loft | D9: ='DEFAULT CLUBS-COMMON'!D9 -> 35 | E9: =D9+F9 -> 35 | X9: STAMINA REG | Y9: 5 | Z9: =Y9+AA9 -> 5
C10: Recovery | D10: =D20-6 -> 22 | E10: =D10+F10 -> 122 | F10: 100
C11: Durability | D11: 200 | E11: =D11+F11 -> 200
H12: . | K12: Randomizer | L12: =RANDBETWEEN(0,3) -> 2 | M12: Mechanical Misake | N12: 1
L13: SemiRough | M13: SemiRough | U13: ROLL AFTER COEFFICIENT
F14: UPGRADES | L14: =VLOOKUP(L13,RECOVERY!$AA$8:$AP$10,3,FALSE) -> 1.4 | M14: =VLOOKUP(M13,RECOVERY!$AA$27:$AP$29,3,FALSE) -> 0.65 | N14: -1.5 | O14: 0 | P14: 1.5 | R14: 1/-1 | T14: 0.1 | U14: 1.33 | V14: -1.23
B15: RARE | D15: Base Parameter | E15: Parameter | F15: =F5 -> 100/100 | G15: Base Rar Dist | H15: SHOT DISTANCE | I15: ACC. Coeff | J15: Shot Power Multiplyer | K15: ACC. DEVIATION | L15: REC. FOR ACC | M15: REC. FOR POWER | N15: TOP SPIN | O15: NO SPIN | P15: BACK SPIN | Q15: Deviation | R15: SIDE SPIN POWER | S15: Calculated Spin | T15: DEFAULT | U15: TOP SPIN | V15: BACK SPIN
B16: 3-Wood | C16: Power | D16: =D6-10 -> 170 | E16: =D16+F16 -> 170 | G16: =G6 -> 40 | H16: =$G$6+(E16/2)+$AB$6+(Z16/2)+$L$2 -> 155 | I16: =1-(E17/1000) -> 0.75 | J16: =ROUND(POWER(E16/100,0.5),3) -> 1.304 | K16: =(G18*J16*I16*N12) -> 13.692 | L16: =1+(L14-1)*(1-E20/500) -> 1.3776 | M16: =M14+((1-M14)*0.5*E20/400) -> 0.66225 | N16: =(E19+(Q16*N14))/1.3 -> 24.153846 | O16: =(D19+(P16*O14))/1.3 -> 26.923077 | P16: =(E19+(Q16*P14))/1.3 -> 29.692308 | Q16: =3*(E18/100) -> 2.4 | R16: =E18*1*(VLOOKUP(B16,SPIN!$M$27:$N$40,2,FALSE)) -> 4000 | S16: =E18*2*3.14/60 -> 8.3733333 | T16: =$S16*T14*8 -> 6.6986667 | U16: =$S16*U14*8 -> 89.092267 | V16: =$S16*V14*8 -> -82.3936
C17: Accuracy | D17: =D7 -> 250 | E17: =D17+F17 -> 250 | G17: Mistake based on Rarity
C18: Spin | D18: 80 | E18: =D18+F18 -> 80 | G18: =G8 -> 14
C19: Loft | D19: ='DEFAULT CLUBS-COMMON'!D19 -> 35 | E19: =D19+F19 -> 35
C20: Recovery | D20: =D30 -> 28 | E20: =D20+F20 -> 28
C21: Durability | D21: =D11 -> 200 | E21: =D21+F21 -> 200
H22: . | K22: Randomizer | L22: =RANDBETWEEN(0,3) -> 0 | M22: Mechanical Misake | N22: 1
L23: SemiRough | M23: SemiRough | U23: ROLL AFTER COEFFICIENT
F24: UPGRADES | L24: =VLOOKUP(L23,RECOVERY!$AA$8:$AP$10,4,FALSE) -> 1.4 | M24: =VLOOKUP(M23,RECOVERY!$AA$27:$AP$29,4,FALSE) -> 0.65 | N24: -1.5 | O24: 0 | P24: 1.5 | R24: 1/-1 | T24: 0.1 | U24: 1.33 | V24: -1.23
B25: RARE | D25: Base Parameter | E25: Parameter | F25: =F15 -> 100/100 | G25: Base Rar Dist | H25: SHOT DISTANCE | I25: ACC. Coeff | J25: Shot Power Multiplyer | K25: ACC. DEVIATION | L25: REC. FOR ACC | M25: REC. FOR POWER | N25: TOP SPIN | O25: NO SPIN | P25: BACK SPIN | Q25: Deviation | R25: SIDE SPIN POWER | S25: Calculated Spin | T25: DEFAULT | U25: TOP SPIN | V25: BACK SPIN
B26: 5-Wood | C26: Power | D26: =D16-10 -> 160 | E26: =D26+F26 -> 160 | G26: =G16 -> 40 | H26: =$G$6+(E26/2)+$AB$6+(Z26/2)+$L$2 -> 150 | I26: =1-(E27/1000) -> 0.745 | J26: =ROUND(POWER(E26/100,0.5),3) -> 1.265 | K26: =(G28*J26*I26*N22) -> 13.19395 | L26: =1+(L24-1)*(1-E30/500) -> 1.3776 | M26: =M24+((1-M24)*0.5*E30/400) -> 0.66225 | N26: =(E29+(Q26*N24))/1.3 -> 24.153846 | O26: =(D29+(P26*O24))/1.3 -> 26.923077 | P26: =(E29+(Q26*P24))/1.3 -> 29.692308 | Q26: =3*(E28/100) -> 2.4 | R26: =E28*1*(VLOOKUP(B26,SPIN!$M$27:$N$40,2,FALSE)) -> 4000 | S26: =E28*2*3.14/60 -> 8.3733333 | T26: =$S26*T24*8 -> 6.6986667 | U26: =$S26*U24*8 -> 89.092267 | V26: =$S26*V24*8 -> -82.3936
C27: Accuracy | D27: =D17+5 -> 255 | E27: =D27+F27 -> 255 | G27: Mistake based on Rarity
C28: Spin | D28: 80 | E28: =D28+F28 -> 80 | G28: =G18 -> 14
C29: Loft | D29: ='DEFAULT CLUBS-COMMON'!D29 -> 35 | E29: =D29+F29 -> 35
C30: Recovery | D30: =D40 -> 28 | E30: =D30+F30 -> 28
C31: Durability | D31: =D21 -> 200 | E31: =D31+F31 -> 200
H32: . | K32: Randomizer | L32: =RANDBETWEEN(0,3) -> 0 | M32: Mechanical Misake | N32: 1
L33: SemiRough | M33: SemiRough | U33: ROLL AFTER COEFFICIENT
F34: UPGRADES | L34: =VLOOKUP(L33,RECOVERY!$AA$8:$AP$10,5,FALSE) -> 1.4 | M34: =VLOOKUP(M33,RECOVERY!$AA$27:$AP$29,5,FALSE) -> 0.65 | N34: -1.5 | O34: 0 | P34: 1.5 | R34: 1/-1 | T34: 0.1 | U34: 1.33 | V34: -1.23
B35: RARE | D35: Base Parameter | E35: Parameter | F35: =F25 -> 100/100 | G35: Base Rar Dist | H35: SHOT DISTANCE | I35: ACC. Coeff | J35: Shot Power Multiplyer | K35: ACC. DEVIATION | L35: REC. FOR ACC | M35: REC. FOR POWER | N35: TOP SPIN | O35: NO SPIN | P35: BACK SPIN | Q35: Deviation | R35: SIDE SPIN POWER | S35: Calculated Spin | T35: DEFAULT | U35: TOP SPIN | V35: BACK SPIN
B36: 7-Wood | C36: Power | D36: =D26-10 -> 150 | E36: =D36+F36 -> 150 | G36: =G26 -> 40 | H36: =$G$6+(E36/2)+$AB$6+(Z36/2)+$L$2 -> 145 | I36: =1-(E37/1000) -> 0.745 | J36: =ROUND(POWER(E36/100,0.5),3) -> 1.225 | K36: =(G38*J36*I36*N32) -> 12.77675 | L36: =1+(L34-1)*(1-E40/500) -> 1.3776 | M36: =M34+((1-M34)*0.5*E40/400) -> 0.66225 | N36: =(E39+(Q36*N34))/1.3 -> 24.015385 | O36: =(D39+(P36*O34))/1.3 -> 26.923077 | P36: =(E39+(Q36*P34))/1.3 -> 29.830769 | Q36: =3*(E38/100) -> 2.52 | R36: =E38*1*(VLOOKUP(B36,SPIN!$M$27:$N$40,2,FALSE)) -> 4200 | S36: =E38*2*3.14/60 -> 8.792 | T36: =$S36*T34*8 -> 7.0336 | U36: =$S36*U34*8 -> 93.54688 | V36: =$S36*V34*8 -> -86.51328
C37: Accuracy | D37: =D27 -> 255 | E37: =D37+F37 -> 255 | G37: Mistake based on Rarity
C38: Spin | D38: 84 | E38: =D38+F38 -> 84 | G38: =G28 -> 14
C39: Loft | D39: ='DEFAULT CLUBS-COMMON'!D39 -> 35 | E39: =D39+F39 -> 35
C40: Recovery | D40: =D50 -> 28 | E40: =D40+F40 -> 28
C41: Durability | D41: =D31 -> 200 | E41: =D41+F41 -> 200
H42: . | K42: Randomizer | L42: =RANDBETWEEN(0,3) -> 0 | M42: Mechanical Misake | N42: 1
L43: SemiRough | M43: SemiRough | U43: ROLL AFTER COEFFICIENT
F44: UPGRADES | L44: =VLOOKUP(L43,RECOVERY!$AA$8:$AP$10,6,FALSE) -> 1.3 | M44: =VLOOKUP(M43,RECOVERY!$AA$27:$AP$29,6,FALSE) -> 0.65 | N44: -1.5 | O44: 0 | P44: 1.5 | R44: 1/-1 | T44: 0.1 | U44: 1.33 | V44: -1.23
B45: RARE | D45: Base Parameter | E45: Parameter | F45: =F35 -> 100/100 | G45: Base Rar Dist | H45: SHOT DISTANCE | I45: ACC. Coeff | J45: Shot Power Multiplyer | K45: ACC. DEVIATION | L45: REC. FOR ACC | M45: REC. FOR POWER | N45: TOP SPIN | O45: NO SPIN | P45: BACK SPIN | Q45: Deviation | R45: SIDE SPIN POWER | S45: Calculated Spin | T45: DEFAULT | U45: TOP SPIN | V45: BACK SPIN
B46: 3-Iron | C46: Power | D46: =D36-10 -> 140 | E46: =D46+F46 -> 140 | G46: =G36 -> 40 | H46: =$G$6+(E46/2)+$AB$6+(Z46/2)+$L$2 -> 140 | I46: =1-(E47/1000) -> 0.74 | J46: =ROUND(POWER(E46/100,0.5),3) -> 1.183 | K46: =(G48*J46*I46*N42) -> 12.25588 | L46: =1+(L44-1)*(1-E50/500) -> 1.2832 | M46: =M44+((1-M44)*0.5*E50/400) -> 0.66225 | N46: =(E49+(Q46*N44))/1.3 -> 24.153846 | O46: =(D49+(P46*O44))/1.3 -> 26.923077 | P46: =(E49+(Q46*P44))/1.3 -> 29.692308 | Q46: =3*(E48/100) -> 2.4 | R46: =E48*1*(VLOOKUP(B46,SPIN!$M$27:$N$40,2,FALSE)) -> 4800 | S46: =E48*2*3.14/60 -> 8.3733333 | T46: =$S46*T44*8 -> 6.6986667 | U46: =$S46*U44*8 -> 89.092267 | V46: =$S46*V44*8 -> -82.3936
C47: Accuracy | D47: =D37+5 -> 260 | E47: =D47+F47 -> 260 | G47: Mistake based on Rarity
C48: Spin | D48: 80 | E48: =D48+F48 -> 80 | G48: =G38 -> 14
C49: Loft | D49: ='DEFAULT CLUBS-COMMON'!D49 -> 35 | E49: =D49+F49 -> 35
C50: Recovery | D50: =D60-10 -> 28 | E50: =D50+F50 -> 28
C51: Durability | D51: =D41 -> 200 | E51: =D51+F51 -> 200
H52: . | K52: Randomizer | L52: =RANDBETWEEN(0,3) -> 2 | M52: Mechanical Misake | N52: 1
L53: SemiRough | M53: SemiRough | U53: ROLL AFTER COEFFICIENT
F54: UPGRADES | L54: =VLOOKUP(L53,RECOVERY!$AA$8:$AP$10,7,FALSE) -> 1.3 | M54: =VLOOKUP(M53,RECOVERY!$AA$27:$AP$29,7,FALSE) -> 0.65 | N54: -1.5 | O54: 0 | P54: 1.5 | R54: 1/-1 | T54: 0.1 | U54: 1.33 | V54: -1.23
B55: RARE | D55: Base Parameter | E55: Parameter | F55: =F45 -> 100/100 | G55: Base Rar Dist | H55: SHOT DISTANCE | I55: ACC. Coeff | J55: Shot Power Multiplyer | K55: ACC. DEVIATION | L55: REC. FOR ACC | M55: REC. FOR POWER | N55: TOP SPIN | O55: NO SPIN | P55: BACK SPIN | Q55: Deviation | R55: SIDE SPIN POWER | S55: Calculated Spin | T55: DEFAULT | U55: TOP SPIN | V55: BACK SPIN
B56: 4-Iron | C56: Power | D56: =D46-10 -> 130 | E56: =D56+F56 -> 130 | G56: =G46 -> 40 | H56: =$G$6+(E56/2)+$AB$6+(Z56/2)+$L$2 -> 135 | I56: =1-(E57/1000) -> 0.74 | J56: =ROUND(POWER(E56/100,0.5),3) -> 1.14 | K56: =(G58*J56*I56*N52) -> 11.8104 | L56: =1+(L54-1)*(1-E60/500) -> 1.2772 | M56: =M54+((1-M54)*0.5*E60/400) -> 0.666625 | N56: =(E59+(Q56*N54))/1.3 -> 24.153846 | O56: =(D59+(P56*O54))/1.3 -> 26.923077 | P56: =(E59+(Q56*P54))/1.3 -> 29.692308 | Q56: =3*(E58/100) -> 2.4 | R56: =E58*1*(VLOOKUP(B56,SPIN!$M$27:$N$40,2,FALSE)) -> 4800 | S56: =E58*2*3.14/60 -> 8.3733333 | T56: =$S56*T54*8 -> 6.6986667 | U56: =$S56*U54*8 -> 89.092267 | V56: =$S56*V54*8 -> -82.3936
C57: Accuracy | D57: =D47 -> 260 | E57: =D57+F57 -> 260 | G57: Mistake based on Rarity
C58: Spin | D58: 80 | E58: =D58+F58 -> 80 | G58: =G48 -> 14
C59: Loft | D59: ='DEFAULT CLUBS-COMMON'!D59 -> 35 | E59: =D59+F59 -> 35
C60: Recovery | D60: =D70 -> 38 | E60: =D60+F60 -> 38
C61: Durability | D61: =D51 -> 200 | E61: =D61+F61 -> 200
H62: . | K62: Randomizer | L62: =RANDBETWEEN(0,3) -> 1 | M62: Mechanical Misake | N62: 1
L63: SemiRough | M63: SemiRough | U63: ROLL AFTER COEFFICIENT
F64: UPGRADES | L64: =VLOOKUP(L63,RECOVERY!$AA$8:$AP$10,8,FALSE) -> 1.25 | M64: =VLOOKUP(M63,RECOVERY!$AA$27:$AP$29,8,FALSE) -> 0.75 | N64: -1.5 | O64: 0 | P64: 1.5 | R64: 1/-1 | T64: 0.1 | U64: 1.33 | V64: -1.23
B65: RARE | D65: Base Parameter | E65: Parameter | F65: =F55 -> 100/100 | G65: Base Rar Dist | H65: SHOT DISTANCE | I65: ACC. Coeff | J65: Shot Power Multiplyer | K65: ACC. DEVIATION | L65: REC. FOR ACC | M65: REC. FOR POWER | N65: TOP SPIN | O65: NO SPIN | P65: BACK SPIN | Q65: Deviation | R65: SIDE SPIN POWER | S65: Calculated Spin | T65: DEFAULT | U65: TOP SPIN | V65: BACK SPIN
B66: 5-Iron | C66: Power | D66: =D56-10 -> 120 | E66: =D66+F66 -> 120 | G66: =G56 -> 40 | H66: =$G$6+(E66/2)+$AB$6+(Z66/2)+$L$2 -> 130 | I66: =1-(E67/1000) -> 0.735 | J66: =ROUND(POWER(E66/100,0.5),3) -> 1.095 | K66: =(G68*J66*I66*N62) -> 11.26755 | L66: =1+(L64-1)*(1-E70/500) -> 1.231 | M66: =M64+((1-M64)*0.5*E70/400) -> 0.761875 | N66: =(E69+(Q66*N64))/1.3 -> 23.807692 | O66: =(D69+(P66*O64))/1.3 -> 26.923077 | P66: =(E69+(Q66*P64))/1.3 -> 30.038462 | Q66: =3*(E68/100) -> 2.7 | R66: =E68*1*(VLOOKUP(B66,SPIN!$M$27:$N$40,2,FALSE)) -> 6300 | S66: =E68*2*3.14/60 -> 9.42 | T66: =$S66*T64*8 -> 7.536 | U66: =$S66*U64*8 -> 100.2288 | V66: =$S66*V64*8 -> -92.6928
C67: Accuracy | D67: =D57+5 -> 265 | E67: =D67+F67 -> 265 | G67: Mistake based on Rarity
C68: Spin | D68: 90 | E68: =D68+F68 -> 90 | G68: =G58 -> 14
C69: Loft | D69: ='DEFAULT CLUBS-COMMON'!D69 -> 35 | E69: =D69+F69 -> 35
C70: Recovery | D70: =D80 -> 38 | E70: =D70+F70 -> 38
C71: Durability | D71: =D61 -> 200 | E71: =D71+F71 -> 200
H72: . | K72: Randomizer | L72: =RANDBETWEEN(0,3) -> 3 | M72: Mechanical Misake | N72: 1
L73: SemiRough | M73: SemiRough | U73: ROLL AFTER COEFFICIENT
F74: UPGRADES | L74: =VLOOKUP(L73,RECOVERY!$AA$8:$AP$10,9,FALSE) -> 1.25 | M74: =VLOOKUP(M73,RECOVERY!$AA$27:$AP$29,9,FALSE) -> 0.75 | N74: -1.5 | O74: 0 | P74: 1.5 | R74: 1/-1 | T74: 0.1 | U74: 1.33 | V74: -1.23
B75: RARE | D75: Base Parameter | E75: Parameter | F75: =F65 -> 100/100 | G75: Base Rar Dist | H75: SHOT DISTANCE | I75: ACC. Coeff | J75: Shot Power Multiplyer | K75: ACC. DEVIATION | L75: REC. FOR ACC | M75: REC. FOR POWER | N75: TOP SPIN | O75: NO SPIN | P75: BACK SPIN | Q75: Deviation | R75: SIDE SPIN POWER | S75: Calculated Spin | T75: DEFAULT | U75: TOP SPIN | V75: BACK SPIN
B76: 6-Iron | C76: Power | D76: =D66-10 -> 110 | E76: =D76+F76 -> 110 | G76: =G66 -> 40 | H76: =$G$6+(E76/2)+$AB$6+(Z76/2)+$L$2 -> 125 | I76: =1-(E77/1000) -> 0.735 | J76: =ROUND(POWER(E76/100,0.5),3) -> 1.049 | K76: =(G78*J76*I76*N72) -> 10.79421 | L76: =1+(L74-1)*(1-E80/500) -> 1.231 | M76: =M74+((1-M74)*0.5*E80/400) -> 0.761875 | N76: =(E79+(Q76*N74))/1.3 -> 23.807692 | O76: =(D79+(P76*O74))/1.3 -> 26.923077 | P76: =(E79+(Q76*P74))/1.3 -> 30.038462 | Q76: =3*(E78/100) -> 2.7 | R76: =E78*1*(VLOOKUP(B76,SPIN!$M$27:$N$40,2,FALSE)) -> 6300 | S76: =E78*2*3.14/60 -> 9.42 | T76: =$S76*T74*8 -> 7.536 | U76: =$S76*U74*8 -> 100.2288 | V76: =$S76*V74*8 -> -92.6928
C77: Accuracy | D77: =D67 -> 265 | E77: =D77+F77 -> 265 | G77: Mistake based on Rarity
C78: Spin | D78: 90 | E78: =D78+F78 -> 90 | G78: =G68 -> 14
C79: Loft | D79: ='DEFAULT CLUBS-COMMON'!D79 -> 35 | E79: =D79+F79 -> 35
C80: Recovery | D80: =D90-12 -> 38 | E80: =D80+F80 -> 38
C81: Durability | D81: =D71 -> 200 | E81: =D81+F81 -> 200
H82: . | K82: Randomizer | L82: =RANDBETWEEN(0,3) -> 2 | M82: Mechanical Misake | N82: 1
L83: SemiRough | M83: SemiRough | U83: ROLL AFTER COEFFICIENT
F84: UPGRADES | L84: =VLOOKUP(L83,RECOVERY!$AA$8:$AP$10,10,FALSE) -> 1.25 | M84: =VLOOKUP(M83,RECOVERY!$AA$27:$AP$29,10,FALSE) -> 0.75 | N84: -1.5 | O84: 0 | P84: 1.5 | R84: 1/-1 | T84: 0.1 | U84: 1.33 | V84: -1.23
B85: RARE | D85: Base Parameter | E85: Parameter | F85: =F75 -> 100/100 | G85: Base Rar Dist | H85: SHOT DISTANCE | I85: ACC. Coeff | J85: Shot Power Multiplyer | K85: ACC. DEVIATION | L85: REC. FOR ACC | M85: REC. FOR POWER | N85: TOP SPIN | O85: NO SPIN | P85: BACK SPIN | Q85: Deviation | R85: SIDE SPIN POWER | S85: Calculated Spin | T85: DEFAULT | U85: TOP SPIN | V85: BACK SPIN
B86: 7-Iron | C86: Power | D86: =D76-10 -> 100 | E86: =D86+F86 -> 100 | G86: =G76 -> 40 | H86: =$G$6+(E86/2)+$AB$6+(Z86/2)+$L$2 -> 120 | I86: =1-(E87/1000) -> 0.73 | J86: =ROUND(POWER(E86/100,0.5),3) -> 1 | K86: =(G88*J86*I86*N82) -> 10.22 | L86: =1+(L84-1)*(1-E90/500) -> 1.225 | M86: =M84+((1-M84)*0.5*E90/400) -> 0.765625 | N86: =(E89+(Q86*N84))/1.3 -> 23.807692 | O86: =(D89+(P86*O84))/1.3 -> 26.923077 | P86: =(E89+(Q86*P84))/1.3 -> 30.038462 | Q86: =3*(E88/100) -> 2.7 | R86: =E88*1*(VLOOKUP(B86,SPIN!$M$27:$N$40,2,FALSE)) -> 6300 | S86: =E88*2*3.14/60 -> 9.42 | T86: =$S86*T84*8 -> 7.536 | U86: =$S86*U84*8 -> 100.2288 | V86: =$S86*V84*8 -> -92.6928
C87: Accuracy | D87: =D77+5 -> 270 | E87: =D87+F87 -> 270 | G87: Mistake based on Rarity
C88: Spin | D88: 90 | E88: =D88+F88 -> 90 | G88: =G78 -> 14
C89: Loft | D89: ='DEFAULT CLUBS-COMMON'!D89 -> 35 | E89: =D89+F89 -> 35
C90: Recovery | D90: =D100 -> 50 | E90: =D90+F90 -> 50
C91: Durability | D91: =D81 -> 200 | E91: =D91+F91 -> 200
H92: . | K92: Randomizer | L92: =RANDBETWEEN(0,3) -> 2 | M92: Mechanical Misake | N92: 1
L93: SemiRough | M93: SemiRough | U93: ROLL AFTER COEFFICIENT
F94: UPGRADES | L94: =VLOOKUP(L93,RECOVERY!$AA$8:$AP$10,11,FALSE) -> 1.2 | M94: =VLOOKUP(M93,RECOVERY!$AA$27:$AP$29,11,FALSE) -> 0.75 | N94: -1.5 | O94: 0 | P94: 1.5 | R94: 1/-1 | T94: 0.1 | U94: 1.33 | V94: -1.23
B95: RARE | D95: Base Parameter | E95: Parameter | F95: =F85 -> 100/100 | G95: Base Rar Dist | H95: SHOT DISTANCE | I95: ACC. Coeff | J95: Shot Power Multiplyer | K95: ACC. DEVIATION | L95: REC. FOR ACC | M95: REC. FOR POWER | N95: TOP SPIN | O95: NO SPIN | P95: BACK SPIN | Q95: Deviation | R95: SIDE SPIN POWER | S95: Calculated Spin | T95: DEFAULT | U95: TOP SPIN | V95: BACK SPIN
B96: 8-Iron | C96: Power | D96: =D86-10 -> 90 | E96: =D96+F96 -> 90 | G96: =G86 -> 40 | H96: =$G$6+(E96/2)+$AB$6+(Z96/2)+$L$2 -> 115 | I96: =1-(E97/1000) -> 0.73 | J96: =ROUND(POWER(E96/100,0.5),3) -> 0.949 | K96: =(G98*J96*I96*N92) -> 9.69878 | L96: =1+(L94-1)*(1-E100/500) -> 1.18 | M96: =M94+((1-M94)*0.5*E100/400) -> 0.765625 | N96: =(E99+(Q96*N94))/1.3 -> 25.942308 | O96: =(D99+(P96*O94))/1.3 -> 29.230769 | P96: =(E99+(Q96*P94))/1.3 -> 32.519231 | Q96: =3*(E98/100) -> 2.85 | R96: =E98*1*(VLOOKUP(B96,SPIN!$M$27:$N$40,2,FALSE)) -> 7600 | S96: =E98*2*3.14/60 -> 9.9433333 | T96: =$S96*T94*8 -> 7.9546667 | U96: =$S96*U94*8 -> 105.79707 | V96: =$S96*V94*8 -> -97.8424
C97: Accuracy | D97: =D87 -> 270 | E97: =D97+F97 -> 270 | G97: Mistake based on Rarity
C98: Spin | D98: 95 | E98: =D98+F98 -> 95 | G98: =G88 -> 14
C99: Loft | D99: ='DEFAULT CLUBS-COMMON'!D99 -> 38 | E99: =D99+F99 -> 38
C100: Recovery | D100: =D110 -> 50 | E100: =D100+F100 -> 50
C101: Durability | D101: =D91 -> 200 | E101: =D101+F101 -> 200
...

Sheet DEFAULT CLUBS-MYTHIC
H2: . | K2: Randomizer | L2: =RANDBETWEEN(0,3) -> 1 | M2: Mechanical Misake | N2: 1 | X2: CHARCTER | AA2: UPGRADES
L3: SemiRough | M3: SemiRough | U3: ROLL AFTER COEFFICIENT
F4: UPGRADES | L4: =VLOOKUP(L3,RECOVERY!$AA$8:$AP$10,2,FALSE) -> 1.4 | M4: =VLOOKUP(M3,RECOVERY!$AA$27:$AP$29,2,FALSE) -> 0.65 | N4: -1.5 | O4: 0 | P4: 1.5 | R4: 1/-1 | T4: 0.1 | U4: 1.33 | V4: -1.23
B5: MYTHIC | D5: Base Parameter | E5: Parameter | F5: =SUM(F6:F11)&"/160" -> 0/160 | G5: Base Rar Dist | H5: SHOT DISTANCE | I5: ACC. Coeff | J5: Shot Power Multiplyer | K5: ACC. DEVIATION | L5: REC. FOR ACC | M5: REC. FOR POWER | N5: TOP SPIN | O5: NO SPIN | P5: BACK SPIN | Q5: Deviation | R5: SIDE SPIN POWER | S5: Calculated Spin | T5: DEFAULT | U5: TOP SPIN | V5: BACK SPIN | X5: MYTHIC | Y5: Base Parameter | Z5: Parameter | AA5: =SUM(AA6:AA9)&"/55" -> 0/55 | AB5: Base Rar Dist
B6: Driver | C6: Power | D6: 210 | E6: =D6+F6 -> 210 | G6: 45 | H6: =$G$6+(E6/2)+$AB$6+(Z6/2)+$L$2 -> 196 | I6: =1-(E7/1000) -> 0.7 | J6: =ROUND(POWER(E6/100,0.5),3) -> 1.449 | K6: =(G8*J6*I6*N2) -> 11.1573 | L6: =1+(L4-1)*(1-E10/500) -> 1.3584 | M6: =M4+((1-M4)*0.5*E10/400) -> 0.67275 | N6: =(E9+(Q6*N4))/1.3 -> 24.5 | O6: =(D9+(P6*O4))/1.3 -> 26.923077 | P6: =(E9+(Q6*P4))/1.3 -> 29.346154 | Q6: =3*(E8/100) -> 2.1 | R6: =E8*1*(VLOOKUP(B6,SPIN!$M$27:$N$40,2,FALSE)) -> 2800 | S6: =E8*2*3.14/60 -> 7.3266667 | T6: =$S6*T4*8 -> 5.8613333 | U6: =$S6*U4*8 -> 77.955733 | V6: =$S6*V4*8 -> -72.0944 | X6: STRENGTH | Y6: 30 | Z6: =Y6+AA6 -> 30 | AB6: 30
C7: Accuracy | D7: 300 | E7: =D7+F7 -> 300 | G7: Mistake based on Rarity | H7: . | X7: CLUB CONTROL | Y7: 50 | Z7: =Y7+AA7 -> 50
C8: Spin | D8: =D18-15 -> 70 | E8: =D8+F8 -> 70 | G8: 11 | X8: STAMINA | Y8: 150 | Z8: =Y8+AA8 -> 150
C9: Loft | D9: ='DEFAULT CLUBS-COMMON'!D9 -> 35 | E9: =D9+F9 -> 35 | X9: STAMINA REG | Y9: 5 | Z9: =Y9+AA9 -> 5
C10: Recovery | D10: =D20-6 -> 52 | E10: =D10+F10 -> 52
C11: Durability | D11: 250 | E11: =D11+F11 -> 250
H12: . | K12: Randomizer | L12: =RANDBETWEEN(0,15) -> 14 | M12: Mechanical Misake | N12: 1
L13: SemiRough | M13: SemiRough | U13: ROLL AFTER COEFFICIENT
F14: UPGRADES | L14: =VLOOKUP(L13,RECOVERY!$AA$8:$AP$10,3,FALSE) -> 1.4 | M14: =VLOOKUP(M13,RECOVERY!$AA$27:$AP$29,3,FALSE) -> 0.65 | N14: -1.5 | O14: 0 | P14: 1.5 | R14: 1/-1 | T14: 0.1 | U14: 1.33 | V14: -1.23
B15: MYTHIC | D15: Base Parameter | E15: Parameter | F15: =F5 -> 0/160 | G15: Base Rar Dist | H15: SHOT DISTANCE | I15: ACC. Coeff | J15: Shot Power Multiplyer | K15: ACC. DEVIATION | L15: REC. FOR ACC | M15: REC. FOR POWER | N15: TOP SPIN | O15: NO SPIN | P15: BACK SPIN | Q15: Deviation | R15: SIDE SPIN POWER | S15: Calculated Spin | T15: DEFAULT | U15: TOP SPIN | V15: BACK SPIN
B16: 3-Wood | C16: Power | D16: =D6-10 -> 200 | E16: =D16+F16 -> 200 | G16: =G6 -> 45 | H16: =$G$6+(E16/2)+$AB$6+(Z16/2)+$L$2 -> 176 | I16: =1-(E17/1000) -> 0.7 | J16: =ROUND(POWER(E16/100,0.5),3) -> 1.414 | K16: =(G18*J16*I16*N12) -> 10.8878 | L16: =1+(L14-1)*(1-E20/500) -> 1.3536 | M16: =M14+((1-M14)*0.5*E20/400) -> 0.675375 | N16: =(E19+(Q16*N14))/1.3 -> 23.980769 | O16: =(D19+(P16*O14))/1.3 -> 26.923077 | P16: =(E19+(Q16*P14))/1.3 -> 29.865385 | Q16: =3*(E18/100) -> 2.55 | R16: =E18*1*(VLOOKUP(B16,SPIN!$M$27:$N$40,2,FALSE)) -> 4250 | S16: =E18*2*3.14/60 -> 8.8966667 | T16: =$S16*T14*8 -> 7.1173333 | U16: =$S16*U14*8 -> 94.660533 | V16: =$S16*V14*8 -> -87.5432
C17: Accuracy | D17: =D7 -> 300 | E17: =D17+F17 -> 300 | G17: Mistake based on Rarity
C18: Spin | D18: =D28 -> 85 | E18: =D18+F18 -> 85 | G18: =G8 -> 11
C19: Loft | D19: ='DEFAULT CLUBS-COMMON'!D19 -> 35 | E19: =D19+F19 -> 35
C20: Recovery | D20: =D30 -> 58 | E20: =D20+F20 -> 58
C21: Durability | D21: =D11 -> 250 | E21: =D21+F21 -> 250
H22: . | K22: Randomizer | L22: =RANDBETWEEN(0,3) -> 0 | M22: Mechanical Misake | N22: 1
L23: SemiRough | M23: SemiRough | U23: ROLL AFTER COEFFICIENT
F24: UPGRADES | L24: =VLOOKUP(L23,RECOVERY!$AA$8:$AP$10,4,FALSE) -> 1.4 | M24: =VLOOKUP(M23,RECOVERY!$AA$27:$AP$29,4,FALSE) -> 0.65 | N24: -1.5 | O24: 0 | P24: 1.5 | R24: 1/-1 | T24: 0.1 | U24: 1.33 | V24: -1.23
B25: MYTHIC | D25: Base Parameter | E25: Parameter | F25: =F15 -> 0/160 | G25: Base Rar Dist | H25: SHOT DISTANCE | I25: ACC. Coeff | J25: Shot Power Multiplyer | K25: ACC. DEVIATION | L25: REC. FOR ACC | M25: REC. FOR POWER | N25: TOP SPIN | O25: NO SPIN | P25: BACK SPIN | Q25: Deviation | R25: SIDE SPIN POWER | S25: Calculated Spin | T25: DEFAULT | U25: TOP SPIN | V25: BACK SPIN
B26: 5-Wood | C26: Power | D26: =D16-10 -> 190 | E26: =D26+F26 -> 190 | G26: =G16 -> 45 | H26: =$G$6+(E26/2)+$AB$6+(Z26/2)+$L$2 -> 171 | I26: =1-(E27/1000) -> 0.695 | J26: =ROUND(POWER(E26/100,0.5),3) -> 1.378 | K26: =(G28*J26*I26*N22) -> 10.53481 | L26: =1+(L24-1)*(1-E30/500) -> 1.3536 | M26: =M24+((1-M24)*0.5*E30/400) -> 0.675375 | N26: =(E29+(Q26*N24))/1.3 -> 23.980769 | O26: =(D29+(P26*O24))/1.3 -> 26.923077 | P26: =(E29+(Q26*P24))/1.3 -> 29.865385 | Q26: =3*(E28/100) -> 2.55 | R26: =E28*1*(VLOOKUP(B26,SPIN!$M$27:$N$40,2,FALSE)) -> 4250 | S26: =E28*2*3.14/60 -> 8.8966667 | T26: =$S26*T24*8 -> 7.1173333 | U26: =$S26*U24*8 -> 94.660533 | V26: =$S26*V24*8 -> -87.5432
C27: Accuracy | D27: =D17+5 -> 305 | E27: =D27+F27 -> 305 | G27: Mistake based on Rarity
C28: Spin | D28: =D48 -> 85 | E28: =D28+F28 -> 85 | G28: =G18 -> 11
C29: Loft | D29: ='DEFAULT CLUBS-COMMON'!D29 -> 35 | E29: =D29+F29 -> 35
C30: Recovery | D30: =D40 -> 58 | E30: =D30+F30 -> 58
C31: Durability | D31: =D21 -> 250 | E31: =D31+F31 -> 250
H32: . | K32: Randomizer | L32: =RANDBETWEEN(0,3) -> 1 | M32: Mechanical Misake | N32: 1
L33: SemiRough | M33: SemiRough | U33: ROLL AFTER COEFFICIENT
F34: UPGRADES | L34: =VLOOKUP(L33,RECOVERY!$AA$8:$AP$10,5,FALSE) -> 1.4 | M34: =VLOOKUP(M33,RECOVERY!$AA$27:$AP$29,5,FALSE) -> 0.65 | N34: -1.5 | O34: 0 | P34: 1.5 | R34: 1/-1 | T34: 0.1 | U34: 1.33 | V34: -1.23
B35: MYTHIC | D35: Base Parameter | E35: Parameter | F35: =F25 -> 0/160 | G35: Base Rar Dist | H35: SHOT DISTANCE | I35: ACC. Coeff | J35: Shot Power Multiplyer | K35: ACC. DEVIATION | L35: REC. FOR ACC | M35: REC. FOR POWER | N35: TOP SPIN | O35: NO SPIN | P35: BACK SPIN | Q35: Deviation | R35: SIDE SPIN POWER | S35: Calculated Spin | T35: DEFAULT | U35: TOP SPIN | V35: BACK SPIN
B36: 7-Wood | C36: Power | D36: =D26-10 -> 180 | E36: =D36+F36 -> 180 | G36: =G26 -> 45 | H36: =$G$6+(E36/2)+$AB$6+(Z36/2)+$L$2 -> 166 | I36: =1-(E37/1000) -> 0.695 | J36: =ROUND(POWER(E36/100,0.5),3) -> 1.342 | K36: =(G38*J36*I36*N32) -> 10.25959 | L36: =1+(L34-1)*(1-E40/500) -> 1.3536 | M36: =M34+((1-M34)*0.5*E40/400) -> 0.675375 | N36: =(E39+(Q36*N34))/1.3 -> 23.842308 | O36: =(D39+(P36*O34))/1.3 -> 26.923077 | P36: =(E39+(Q36*P34))/1.3 -> 30.003846 | Q36: =3*(E38/100) -> 2.67 | R36: =E38*1*(VLOOKUP(B36,SPIN!$M$27:$N$40,2,FALSE)) -> 4450 | S36: =E38*2*3.14/60 -> 9.3153333 | T36: =$S36*T34*8 -> 7.4522667 | U36: =$S36*U34*8 -> 99.115147 | V36: =$S36*V34*8 -> -91.66288
C37: Accuracy | D37: =D27 -> 305 | E37: =D37+F37 -> 305 | G37: Mistake based on Rarity
C38: Spin | D38: =D48+4 -> 89 | E38: =D38+F38 -> 89 | G38: =G28 -> 11
C39: Loft | D39: ='DEFAULT CLUBS-COMMON'!D39 -> 35 | E39: =D39+F39 -> 35
C40: Recovery | D40: =D50 -> 58 | E40: =D40+F40 -> 58
C41: Durability | D41: =D31 -> 250 | E41: =D41+F41 -> 250
H42: . | K42: Randomizer | L42: =RANDBETWEEN(0,3) -> 0 | M42: Mechanical Misake | N42: 1
L43: SemiRough | M43: SemiRough | U43: ROLL AFTER COEFFICIENT
F44: UPGRADES | L44: =VLOOKUP(L43,RECOVERY!$AA$8:$AP$10,6,FALSE) -> 1.3 | M44: =VLOOKUP(M43,RECOVERY!$AA$27:$AP$29,6,FALSE) -> 0.65 | N44: -1.5 | O44: 0 | P44: 1.5 | R44: 1/-1 | T44: 0.1 | U44: 1.33 | V44: -1.23
B45: MYTHIC | D45: Base Parameter | E45: Parameter | F45: =F35 -> 0/160 | G45: Base Rar Dist | H45: SHOT DISTANCE | I45: ACC. Coeff | J45: Shot Power Multiplyer | K45: ACC. DEVIATION | L45: REC. FOR ACC | M45: REC. FOR POWER | N45: TOP SPIN | O45: NO SPIN | P45: BACK SPIN | Q45: Deviation | R45: SIDE SPIN POWER | S45: Calculated Spin | T45: DEFAULT | U45: TOP SPIN | V45: BACK SPIN
B46: 3-Iron | C46: Power | D46: =D36-10 -> 170 | E46: =D46+F46 -> 170 | G46: =G36 -> 45 | H46: =$G$6+(E46/2)+$AB$6+(Z46/2)+$L$2 -> 161 | I46: =1-(E47/1000) -> 0.69 | J46: =ROUND(POWER(E46/100,0.5),3) -> 1.304 | K46: =(G48*J46*I46*N42) -> 9.89736 | L46: =1+(L44-1)*(1-E50/500) -> 1.2652 | M46: =M44+((1-M44)*0.5*E50/400) -> 0.675375 | N46: =(E49+(Q46*N44))/1.3 -> 23.980769 | O46: =(D49+(P46*O44))/1.3 -> 26.923077 | P46: =(E49+(Q46*P44))/1.3 -> 29.865385 | Q46: =3*(E48/100) -> 2.55 | R46: =E48*1*(VLOOKUP(B46,SPIN!$M$27:$N$40,2,FALSE)) -> 5100 | S46: =E48*2*3.14/60 -> 8.8966667 | T46: =$S46*T44*8 -> 7.1173333 | U46: =$S46*U44*8 -> 94.660533 | V46: =$S46*V44*8 -> -87.5432
C47: Accuracy | D47: =D37+5 -> 310 | E47: =D47+F47 -> 310 | G47: Mistake based on Rarity
C48: Spin | D48: =D58 -> 85 | E48: =D48+F48 -> 85 | G48: =G38 -> 11
C49: Loft | D49: ='DEFAULT CLUBS-COMMON'!D49 -> 35 | E49: =D49+F49 -> 35
C50: Recovery | D50: =D60-10 -> 58 | E50: =D50+F50 -> 58
C51: Durability | D51: =D41 -> 250 | E51: =D51+F51 -> 250
H52: . | K52: Randomizer | L52: =RANDBETWEEN(0,3) -> 0 | M52: Mechanical Misake | N52: 1
L53: SemiRough | M53: SemiRough | U53: ROLL AFTER COEFFICIENT
F54: UPGRADES | L54: =VLOOKUP(L53,RECOVERY!$AA$8:$AP$10,7,FALSE) -> 1.3 | M54: =VLOOKUP(M53,RECOVERY!$AA$27:$AP$29,7,FALSE) -> 0.65 | N54: -1.5 | O54: 0 | P54: 1.5 | R54: 1/-1 | T54: 0.1 | U54: 1.33 | V54: -1.23
B55: MYTHIC | D55: Base Parameter | E55: Parameter | F55: =F45 -> 0/160 | G55: Base Rar Dist | H55: SHOT DISTANCE | I55: ACC. Coeff | J55: Shot Power Multiplyer | K55: ACC. DEVIATION | L55: REC. FOR ACC | M55: REC. FOR POWER | N55: TOP SPIN | O55: NO SPIN | P55: BACK SPIN | Q55: Deviation | R55: SIDE SPIN POWER | S55: Calculated Spin | T55: DEFAULT | U55: TOP SPIN | V55: BACK SPIN
B56: 4-Iron | C56: Power | D56: =D46-10 -> 160 | E56: =D56+F56 -> 160 | G56: =G46 -> 45 | H56: =$G$6+(E56/2)+$AB$6+(Z56/2)+$L$2 -> 156 | I56: =1-(E57/1000) -> 0.69 | J56: =ROUND(POWER(E56/100,0.5),3) -> 1.265 | K56: =(G58*J56*I56*N52) -> 9.60135 | L56: =1+(L54-1)*(1-E60/500) -> 1.2592 | M56: =M54+((1-M54)*0.5*E60/400) -> 0.67975 | N56: =(E59+(Q56*N54))/1.3 -> 23.980769 | O56: =(D59+(P56*O54))/1.3 -> 26.923077 | P56: =(E59+(Q56*P54))/1.3 -> 29.865385 | Q56: =3*(E58/100) -> 2.55 | R56: =E58*1*(VLOOKUP(B56,SPIN!$M$27:$N$40,2,FALSE)) -> 5100 | S56: =E58*2*3.14/60 -> 8.8966667 | T56: =$S56*T54*8 -> 7.1173333 | U56: =$S56*U54*8 -> 94.660533 | V56: =$S56*V54*8 -> -87.5432
C57: Accuracy | D57: =D47 -> 310 | E57: =D57+F57 -> 310 | G57: Mistake based on Rarity
C58: Spin | D58: =D68-10 -> 85 | E58: =D58+F58 -> 85 | G58: =G48 -> 11
C59: Loft | D59: ='DEFAULT CLUBS-COMMON'!D59 -> 35 | E59: =D59+F59 -> 35
C60: Recovery | D60: =D70 -> 68 | E60: =D60+F60 -> 68
C61: Durability | D61: =D51 -> 250 | E61: =D61+F61 -> 250
H62: . | K62: Randomizer | L62: =RANDBETWEEN(0,3) -> 2 | M62: Mechanical Misake | N62: 1
L63: SemiRough | M63: SemiRough | U63: ROLL AFTER COEFFICIENT
F64: UPGRADES | L64: =VLOOKUP(L63,RECOVERY!$AA$8:$AP$10,8,FALSE) -> 1.25 | M64: =VLOOKUP(M63,RECOVERY!$AA$27:$AP$29,8,FALSE) -> 0.75 | N64: -1.5 | O64: 0 | P64: 1.5 | R64: 1/-1 | T64: 0.1 | U64: 1.33 | V64: -1.23
B65: MYTHIC | D65: Base Parameter | E65: Parameter | F65: =F55 -> 0/160 | G65: Base Rar Dist | H65: SHOT DISTANCE | I65: ACC. Coeff | J65: Shot Power Multiplyer | K65: ACC. DEVIATION | L65: REC. FOR ACC | M65: REC. FOR POWER | N65: TOP SPIN | O65: NO SPIN | P65: BACK SPIN | Q65: Deviation | R65: SIDE SPIN POWER | S65: Calculated Spin | T65: DEFAULT | U65: TOP SPIN | V65: BACK SPIN
B66: 5-Iron | C66: Power | D66: =D56-10 -> 150 | E66: =D66+F66 -> 150 | G66: =G56 -> 45 | H66: =$G$6+(E66/2)+$AB$6+(Z66/2)+$L$2 -> 151 | I66: =1-(E67/1000) -> 0.685 | J66: =ROUND(POWER(E66/100,0.5),3) -> 1.225 | K66: =(G68*J66*I66*N62) -> 9.230375 | L66: =1+(L64-1)*(1-E70/500) -> 1.216 | M66: =M64+((1-M64)*0.5*E70/400) -> 0.77125 | N66: =(E69+(Q66*N64))/1.3 -> 23.634615 | O66: =(D69+(P66*O64))/1.3 -> 26.923077 | P66: =(E69+(Q66*P64))/1.3 -> 30.211538 | Q66: =3*(E68/100) -> 2.85 | R66: =E68*1*(VLOOKUP(B66,SPIN!$M$27:$N$40,2,FALSE)) -> 6650 | S66: =E68*2*3.14/60 -> 9.9433333 | T66: =$S66*T64*8 -> 7.9546667 | U66: =$S66*U64*8 -> 105.79707 | V66: =$S66*V64*8 -> -97.8424
C67: Accuracy | D67: =D57+5 -> 315 | E67: =D67+F67 -> 315 | G67: Mistake based on Rarity
C68: Spin | D68: =D78 -> 95 | E68: =D68+F68 -> 95 | G68: =G58 -> 11
C69: Loft | D69: ='DEFAULT CLUBS-COMMON'!D69 -> 35 | E69: =D69+F69 -> 35
C70: Recovery | D70: =D80 -> 68 | E70: =D70+F70 -> 68
C71: Durability | D71: =D61 -> 250 | E71: =D71+F71 -> 250
H72: . | K72: Randomizer | L72: =RANDBETWEEN(0,3) -> 1 | M72: Mechanical Misake | N72: 1
L73: SemiRough | M73: SemiRough | U73: ROLL AFTER COEFFICIENT
F74: UPGRADES | L74: =VLOOKUP(L73,RECOVERY!$AA$8:$AP$10,9,FALSE) -> 1.25 | M74: =VLOOKUP(M73,RECOVERY!$AA$27:$AP$29,9,FALSE) -> 0.75 | N74: -1.5 | O74: 0 | P74: 1.5 | R74: 1/-1 | T74: 0.1 | U74: 1.33 | V74: -1.23
B75: MYTHIC | D75: Base Parameter | E75: Parameter | F75: =F65 -> 0/160 | G75: Base Rar Dist | H75: SHOT DISTANCE | I75: ACC. Coeff | J75: Shot Power Multiplyer | K75: ACC. DEVIATION | L75: REC. FOR ACC | M75: REC. FOR POWER | N75: TOP SPIN | O75: NO SPIN | P75: BACK SPIN | Q75: Deviation | R75: SIDE SPIN POWER | S75: Calculated Spin | T75: DEFAULT | U75: TOP SPIN | V75: BACK SPIN
B76: 6-Iron | C76: Power | D76: =D66-10 -> 140 | E76: =D76+F76 -> 140 | G76: =G66 -> 45 | H76: =$G$6+(E76/2)+$AB$6+(Z76/2)+$L$2 -> 146 | I76: =1-(E77/1000) -> 0.685 | J76: =ROUND(POWER(E76/100,0.5),3) -> 1.183 | K76: =(G78*J76*I76*N72) -> 8.913905 | L76: =1+(L74-1)*(1-E80/500) -> 1.216 | M76: =M74+((1-M74)*0.5*E80/400) -> 0.77125 | N76: =(E79+(Q76*N74))/1.3 -> 23.634615 | O76: =(D79+(P76*O74))/1.3 -> 26.923077 | P76: =(E79+(Q76*P74))/1.3 -> 30.211538 | Q76: =3*(E78/100) -> 2.85 | R76: =E78*1*(VLOOKUP(B76,SPIN!$M$27:$N$40,2,FALSE)) -> 6650 | S76: =E78*2*3.14/60 -> 9.9433333 | T76: =$S76*T74*8 -> 7.9546667 | U76: =$S76*U74*8 -> 105.79707 | V76: =$S76*V74*8 -> -97.8424
C77: Accuracy | D77: =D67 -> 315 | E77: =D77+F77 -> 315 | G77: Mistake based on Rarity
C78: Spin | D78: =D88 -> 95 | E78: =D78+F78 -> 95 | G78: =G68 -> 11
C79: Loft | D79: ='DEFAULT CLUBS-COMMON'!D79 -> 35 | E79: =D79+F79 -> 35
C80: Recovery | D80: =D90-12 -> 68 | E80: =D80+F80 -> 68
C81: Durability | D81: =D71 -> 250 | E81: =D81+F81 -> 250
H82: . | K82: Randomizer | L82: =RANDBETWEEN(0,3) -> 0 | M82: Mechanical Misake | N82: 1
L83: SemiRough | M83: SemiRough | U83: ROLL AFTER COEFFICIENT
F84: UPGRADES | L84: =VLOOKUP(L83,RECOVERY!$AA$8:$AP$10,10,FALSE) -> 1.25 | M84: =VLOOKUP(M83,RECOVERY!$AA$27:$AP$29,10,FALSE) -> 0.75 | N84: -1.5 | O84: 0 | P84: 1.5 | R84: 1/-1 | T84: 0.1 | U84: 1.33 | V84: -1.23
B85: MYTHIC | D85: Base Parameter | E85: Parameter | F85: =F75 -> 0/160 | G85: Base Rar Dist | H85: SHOT DISTANCE | I85: ACC. Coeff | J85: Shot Power Multiplyer | K85: ACC. DEVIATION | L85: REC. FOR ACC | M85: REC. FOR POWER | N85: TOP SPIN | O85: NO SPIN | P85: BACK SPIN | Q85: Deviation | R85: SIDE SPIN POWER | S85: Calculated Spin | T85: DEFAULT | U85: TOP SPIN | V85: BACK SPIN
B86: 7-Iron | C86: Power | D86: =D76-10 -> 130 | E86: =D86+F86 -> 130 | G86: =G76 -> 45 | H86: =$G$6+(E86/2)+$AB$6+(Z86/2)+$L$2 -> 141 | I86: =1-(E87/1000) -> 0.68 | J86: =ROUND(POWER(E86/100,0.5),3) -> 1.14 | K86: =(G88*J86*I86*N82) -> 8.5272 | L86: =1+(L84-1)*(1-E90/500) -> 1.21 | M86: =M84+((1-M84)*0.5*E90/400) -> 0.775 | N86: =(E89+(Q86*N84))/1.3 -> 23.634615 | O86: =(D89+(P86*O84))/1.3 -> 26.923077 | P86: =(E89+(Q86*P84))/1.3 -> 30.211538 | Q86: =3*(E88/100) -> 2.85 | R86: =E88*1*(VLOOKUP(B86,SPIN!$M$27:$N$40,2,FALSE)) -> 6650 | S86: =E88*2*3.14/60 -> 9.9433333 | T86: =$S86*T84*8 -> 7.9546667 | U86: =$S86*U84*8 -> 105.79707 | V86: =$S86*V84*8 -> -97.8424
C87: Accuracy | D87: =D77+5 -> 320 | E87: =D87+F87 -> 320 | G87: Mistake based on Rarity
C88: Spin | D88: =D98-5 -> 95 | E88: =D88+F88 -> 95 | G88: =G78 -> 11
C89: Loft | D89: ='DEFAULT CLUBS-COMMON'!D89 -> 35 | E89: =D89+F89 -> 35
C90: Recovery | D90: =D100 -> 80 | E90: =D90+F90 -> 80
C91: Durability | D91: =D81 -> 250 | E91: =D91+F91 -> 250
H92: . | K92: Randomizer | L92: =RANDBETWEEN(0,3) -> 1 | M92: Mechanical Misake | N92: 1
L93: SemiRough | M93: SemiRough | U93: ROLL AFTER COEFFICIENT
F94: UPGRADES | L94: =VLOOKUP(L93,RECOVERY!$AA$8:$AP$10,11,FALSE) -> 1.2 | M94: =VLOOKUP(M93,RECOVERY!$AA$27:$AP$29,11,FALSE) -> 0.75 | N94: -1.5 | O94: 0 | P94: 1.5 | R94: 1/-1 | T94: 0.1 | U94: 1.33 | V94: -1.23
B95: MYTHIC | D95: Base Parameter | E95: Parameter | F95: =F85 -> 0/160 | G95: Base Rar Dist | H95: SHOT DISTANCE | I95: ACC. Coeff | J95: Shot Power Multiplyer | K95: ACC. DEVIATION | L95: REC. FOR ACC | M95: REC. FOR POWER | N95: TOP SPIN | O95: NO SPIN | P95: BACK SPIN | Q95: Deviation | R95: SIDE SPIN POWER | S95: Calculated Spin | T95: DEFAULT | U95: TOP SPIN | V95: BACK SPIN
B96: 8-Iron | C96: Power | D96: =D86-10 -> 120 | E96: =D96+F96 -> 120 | G96: =G86 -> 45 | H96: =$G$6+(E96/2)+$AB$6+(Z96/2)+$L$2 -> 136 | I96: =1-(E97/1000) -> 0.68 | J96: =ROUND(POWER(E96/100,0.5),3) -> 1.095 | K96: =(G98*J96*I96*N92) -> 8.1906 | L96: =1+(L94-1)*(1-E100/500) -> 1.168 | M96: =M94+((1-M94)*0.5*E100/400) -> 0.775 | N96: =(E99+(Q96*N94))/1.3 -> 25.769231 | O96: =(D99+(P96*O94))/1.3 -> 29.230769 | P96: =(E99+(Q96*P94))/1.3 -> 32.692308 | Q96: =3*(E98/100) -> 3 | R96: =E98*1*(VLOOKUP(B96,SPIN!$M$27:$N$40,2,FALSE)) -> 8000 | S96: =E98*2*3.14/60 -> 10.466667 | T96: =$S96*T94*8 -> 8.3733333 | U96: =$S96*U94*8 -> 111.36533 | V96: =$S96*V94*8 -> -102.992
C97: Accuracy | D97: =D87 -> 320 | E97: =D97+F97 -> 320 | G97: Mistake based on Rarity
C98: Spin | D98: =D108 -> 100 | E98: =D98+F98 -> 100 | G98: =G88 -> 11
C99: Loft | D99: ='DEFAULT CLUBS-COMMON'!D99 -> 38 | E99: =D99+F99 -> 38
C100: Recovery | D100: =D110 -> 80 | E100: =D100+F100 -> 80
C101: Durability | D101: =D91 -> 250 | E101: =D101+F101 -> 250
...

Sheet DEFAULT CLUBS-LEGENDARY
H2: . | K2: Randomizer | L2: 15 | M2: Mechanical Misake | N2: 1 | X2: CHARCTER | AA2: UPGRADES
L3: SemiRough | M3: SemiRough | U3: ROLL AFTER COEFFICIENT
F4: UPGRADES | L4: =VLOOKUP(L3,RECOVERY!$AA$8:$AP$10,2,FALSE) -> 1.4 | M4: =VLOOKUP(M3,RECOVERY!$AA$27:$AP$29,2,FALSE) -> 0.65 | N4: -1.5 | O4: 0 | P4: 1.5 | R4: 1/-1 | T4: 0.1 | U4: 1.33 | V4: -1.23
B5: LEGENDARY | D5: Base Parameter | E5: Parameter | F5: =SUM(F6:F11)&"/235" -> 0/235 | G5: Base Rar Dist | H5: SHOT DISTANCE | I5: ACC. Coeff | J5: Shot Power Multiplyer | K5: ACC. DEVIATION | L5: REC. FOR ACC | M5: REC. FOR POWER | N5: TOP SPIN | O5: NO SPIN | P5: BACK SPIN | Q5: Deviation | R5: SIDE SPIN POWER | S5: Calculated Spin | T5: DEFAULT | U5: TOP SPIN | V5: BACK SPIN | X5: LEGENDARY | Y5: Base Parameter | Z5: Parameter | AA5: =SUM(AA6:AA9)&"/55" -> 0/55 | AB5: Base Rar Dist
B6: Driver | C6: Power | D6: 270 | E6: =D6+F6 -> 270 | G6: 50 | H6: =$G$6+(E6/2)+$AB$6+(Z6/2)+$L$2 -> 245 | I6: =1-(E7/1000) -> 0.65 | J6: =ROUND(POWER(E6/100,0.5),3) -> 1.643 | K6: =(G8*J6*I6*N2) -> 7.47565 | L6: =1+(L4-1)*(1-E10/500) -> 1.3184 | M6: =M4+((1-M4)*0.5*E10/400) -> 0.694625 | N6: =(E9+(Q6*N4))/1.3 -> 23.980769 | O6: =(D9+(P6*O4))/1.3 -> 26.923077 | P6: =(E9+(Q6*P4))/1.3 -> 29.865385 | Q6: =3*(E8/100) -> 2.55 | R6: =E8*1*(VLOOKUP(B6,SPIN!$M$27:$N$40,2,FALSE)) -> 3400 | S6: =E8*2*3.14/60 -> 8.8966667 | T6: =$S6*T4*8 -> 7.1173333 | U6: =$S6*U4*8 -> 94.660533 | V6: =$S6*V4*8 -> -87.5432 | X6: STRENGTH | Y6: 30 | Z6: =Y6+AA6 -> 30 | AB6: 30
C7: Accuracy | D7: 350 | E7: =D7+F7 -> 350 | G7: Mistake based on Rarity | H7: . | X7: CLUB CONTROL | Y7: 50 | Z7: =Y7+AA7 -> 50
C8: Spin | D8: =D18-15 -> 85 | E8: =D8+F8 -> 85 | G8: 7 | X8: STAMINA | Y8: 150 | Z8: =Y8+AA8 -> 150
C9: Loft | D9: ='DEFAULT CLUBS-COMMON'!D9 -> 35 | E9: =D9+F9 -> 35 | X9: STAMINA REG | Y9: 5 | Z9: =Y9+AA9 -> 5
C10: Recovery | D10: =D20-6 -> 102 | E10: =D10+F10 -> 102
C11: Durability | D11: 300 | E11: =D11+F11 -> 300
H12: . | K12: Randomizer | L12: =RANDBETWEEN(0,3) -> 3 | M12: Mechanical Misake | N12: 1
L13: SemiRough | M13: SemiRough | U13: ROLL AFTER COEFFICIENT
F14: UPGRADES | L14: =VLOOKUP(L13,RECOVERY!$AA$8:$AP$10,3,FALSE) -> 1.4 | M14: =VLOOKUP(M13,RECOVERY!$AA$27:$AP$29,3,FALSE) -> 0.65 | N14: -1.5 | O14: 0 | P14: 1.5 | R14: 1/-1 | T14: 0.1 | U14: 1.33 | V14: -1.23
B15: LEGENDARY | D15: Base Parameter | E15: Parameter | F15: =F5 -> 0/235 | G15: Base Rar Dist | H15: SHOT DISTANCE | I15: ACC. Coeff | J15: Shot Power Multiplyer | K15: ACC. DEVIATION | L15: REC. FOR ACC | M15: REC. FOR POWER | N15: TOP SPIN | O15: NO SPIN | P15: BACK SPIN | Q15: Deviation | R15: SIDE SPIN POWER | S15: Calculated Spin | T15: DEFAULT | U15: TOP SPIN | V15: BACK SPIN
B16: 3-Wood | C16: Power | D16: =D6-10 -> 260 | E16: =D16+F16 -> 260 | G16: =G6 -> 50 | H16: =$G$6+(E16/2)+$AB$6+(Z16/2)+$L$2 -> 225 | I16: =1-(E17/1000) -> 0.65 | J16: =ROUND(POWER(E16/100,0.5),3) -> 1.612 | K16: =(G18*J16*I16*N12) -> 7.3346 | L16: =1+(L14-1)*(1-E20/500) -> 1.3136 | M16: =M14+((1-M14)*0.5*E20/400) -> 0.69725 | N16: =(E19+(Q16*N14))/1.3 -> 23.461538 | O16: =(D19+(P16*O14))/1.3 -> 26.923077 | P16: =(E19+(Q16*P14))/1.3 -> 30.384615 | Q16: =3*(E18/100) -> 3 | R16: =E18*1*(VLOOKUP(B16,SPIN!$M$27:$N$40,2,FALSE)) -> 5000 | S16: =E18*2*3.14/60 -> 10.466667 | T16: =$S16*T14*8 -> 8.3733333 | U16: =$S16*U14*8 -> 111.36533 | V16: =$S16*V14*8 -> -102.992
C17: Accuracy | D17: =D7 -> 350 | E17: =D17+F17 -> 350 | G17: Mistake based on Rarity
C18: Spin | D18: =D28 -> 100 | E18: =D18+F18 -> 100 | G18: =G8 -> 7
C19: Loft | D19: ='DEFAULT CLUBS-COMMON'!D19 -> 35 | E19: =D19+F19 -> 35
C20: Recovery | D20: =D30 -> 108 | E20: =D20+F20 -> 108
C21: Durability | D21: =D11 -> 300 | E21: =D21+F21 -> 300
H22: . | K22: Randomizer | L22: =RANDBETWEEN(0,3) -> 2 | M22: Mechanical Misake | N22: 1
L23: SemiRough | M23: SemiRough | U23: ROLL AFTER COEFFICIENT
F24: UPGRADES | L24: =VLOOKUP(L23,RECOVERY!$AA$8:$AP$10,4,FALSE) -> 1.4 | M24: =VLOOKUP(M23,RECOVERY!$AA$27:$AP$29,4,FALSE) -> 0.65 | N24: -1.5 | O24: 0 | P24: 1.5 | R24: 1/-1 | T24: 0.1 | U24: 1.33 | V24: -1.23
B25: LEGENDARY | D25: Base Parameter | E25: Parameter | F25: =F15 -> 0/235 | G25: Base Rar Dist | H25: SHOT DISTANCE | I25: ACC. Coeff | J25: Shot Power Multiplyer | K25: ACC. DEVIATION | L25: REC. FOR ACC | M25: REC. FOR POWER | N25: TOP SPIN | O25: NO SPIN | P25: BACK SPIN | Q25: Deviation | R25: SIDE SPIN POWER | S25: Calculated Spin | T25: DEFAULT | U25: TOP SPIN | V25: BACK SPIN
B26: 5-Wood | C26: Power | D26: =D16-10 -> 250 | E26: =D26+F26 -> 250 | G26: =G16 -> 50 | H26: =$G$6+(E26/2)+$AB$6+(Z26/2)+$L$2 -> 220 | I26: =1-(E27/1000) -> 0.645 | J26: =ROUND(POWER(E26/100,0.5),3) -> 1.581 | K26: =(G28*J26*I26*N22) -> 7.138215 | L26: =1+(L24-1)*(1-E30/500) -> 1.3136 | M26: =M24+((1-M24)*0.5*E30/400) -> 0.69725 | N26: =(E29+(Q26*N24))/1.3 -> 23.461538 | O26: =(D29+(P26*O24))/1.3 -> 26.923077 | P26: =(E29+(Q26*P24))/1.3 -> 30.384615 | Q26: =3*(E28/100) -> 3 | R26: =E28*1*(VLOOKUP(B26,SPIN!$M$27:$N$40,2,FALSE)) -> 5000 | S26: =E28*2*3.14/60 -> 10.466667 | T26: =$S26*T24*8 -> 8.3733333 | U26: =$S26*U24*8 -> 111.36533 | V26: =$S26*V24*8 -> -102.992
C27: Accuracy | D27: =D17+5 -> 355 | E27: =D27+F27 -> 355 | G27: Mistake based on Rarity
C28: Spin | D28: =D48 -> 100 | E28: =D28+F28 -> 100 | G28: =G18 -> 7
C29: Loft | D29: ='DEFAULT CLUBS-COMMON'!D29 -> 35 | E29: =D29+F29 -> 35
C30: Recovery | D30: =D40 -> 108 | E30: =D30+F30 -> 108
C31: Durability | D31: =D21 -> 300 | E31: =D31+F31 -> 300
H32: . | K32: Randomizer | L32: =RANDBETWEEN(0,3) -> 3 | M32: Mechanical Misake | N32: 1
L33: SemiRough | M33: SemiRough | U33: ROLL AFTER COEFFICIENT
F34: UPGRADES | L34: =VLOOKUP(L33,RECOVERY!$AA$8:$AP$10,5,FALSE) -> 1.4 | M34: =VLOOKUP(M33,RECOVERY!$AA$27:$AP$29,5,FALSE) -> 0.65 | N34: -1.5 | O34: 0 | P34: 1.5 | R34: 1/-1 | T34: 0.1 | U34: 1.33 | V34: -1.23
B35: LEGENDARY | D35: Base Parameter | E35: Parameter | F35: =F25 -> 0/235 | G35: Base Rar Dist | H35: SHOT DISTANCE | I35: ACC. Coeff | J35: Shot Power Multiplyer | K35: ACC. DEVIATION | L35: REC. FOR ACC | M35: REC. FOR POWER | N35: TOP SPIN | O35: NO SPIN | P35: BACK SPIN | Q35: Deviation | R35: SIDE SPIN POWER | S35: Calculated Spin | T35: DEFAULT | U35: TOP SPIN | V35: BACK SPIN
B36: 7-Wood | C36: Power | D36: =D26-10 -> 240 | E36: =D36+F36 -> 240 | G36: =G26 -> 50 | H36: =$G$6+(E36/2)+$AB$6+(Z36/2)+$L$2 -> 215 | I36: =1-(E37/1000) -> 0.645 | J36: =ROUND(POWER(E36/100,0.5),3) -> 1.549 | K36: =(G38*J36*I36*N32) -> 6.993735 | L36: =1+(L34-1)*(1-E40/500) -> 1.3136 | M36: =M34+((1-M34)*0.5*E40/400) -> 0.69725 | N36: =(E39+(Q36*N34))/1.3 -> 23.323077 | O36: =(D39+(P36*O34))/1.3 -> 26.923077 | P36: =(E39+(Q36*P34))/1.3 -> 30.523077 | Q36: =3*(E38/100) -> 3.12 | R36: =E38*1*(VLOOKUP(B36,SPIN!$M$27:$N$40,2,FALSE)) -> 5200 | S36: =E38*2*3.14/60 -> 10.885333 | T36: =$S36*T34*8 -> 8.7082667 | U36: =$S36*U34*8 -> 115.81995 | V36: =$S36*V34*8 -> -107.11168
C37: Accuracy | D37: =D27 -> 355 | E37: =D37+F37 -> 355 | G37: Mistake based on Rarity
C38: Spin | D38: =D48+4 -> 104 | E38: =D38+F38 -> 104 | G38: =G28 -> 7
C39: Loft | D39: ='DEFAULT CLUBS-COMMON'!D39 -> 35 | E39: =D39+F39 -> 35
C40: Recovery | D40: =D50 -> 108 | E40: =D40+F40 -> 108
C41: Durability | D41: =D31 -> 300 | E41: =D41+F41 -> 300
H42: . | K42: Randomizer | L42: =RANDBETWEEN(0,3) -> 0 | M42: Mechanical Misake | N42: 1
L43: SemiRough | M43: SemiRough | U43: ROLL AFTER COEFFICIENT
F44: UPGRADES | L44: =VLOOKUP(L43,RECOVERY!$AA$8:$AP$10,6,FALSE) -> 1.3 | M44: =VLOOKUP(M43,RECOVERY!$AA$27:$AP$29,6,FALSE) -> 0.65 | N44: -1.5 | O44: 0 | P44: 1.5 | R44: 1/-1 | T44: 0.1 | U44: 1.33 | V44: -1.23
B45: LEGENDARY | D45: Base Parameter | E45: Parameter | F45: =F35 -> 0/235 | G45: Base Rar Dist | H45: SHOT DISTANCE | I45: ACC. Coeff | J45: Shot Power Multiplyer | K45: ACC. DEVIATION | L45: REC. FOR ACC | M45: REC. FOR POWER | N45: TOP SPIN | O45: NO SPIN | P45: BACK SPIN | Q45: Deviation | R45: SIDE SPIN POWER | S45: Calculated Spin | T45: DEFAULT | U45: TOP SPIN | V45: BACK SPIN
B46: 3-Iron | C46: Power | D46: =D36-10 -> 230 | E46: =D46+F46 -> 230 | G46: =G36 -> 50 | H46: =$G$6+(E46/2)+$AB$6+(Z46/2)+$L$2 -> 210 | I46: =1-(E47/1000) -> 0.64 | J46: =ROUND(POWER(E46/100,0.5),3) -> 1.517 | K46: =(G48*J46*I46*N42) -> 6.79616 | L46: =1+(L44-1)*(1-E50/500) -> 1.2352 | M46: =M44+((1-M44)*0.5*E50/400) -> 0.69725 | N46: =(E49+(Q46*N44))/1.3 -> 23.461538 | O46: =(D49+(P46*O44))/1.3 -> 26.923077 | P46: =(E49+(Q46*P44))/1.3 -> 30.384615 | Q46: =3*(E48/100) -> 3 | R46: =E48*1*(VLOOKUP(B46,SPIN!$M$27:$N$40,2,FALSE)) -> 6000 | S46: =E48*2*3.14/60 -> 10.466667 | T46: =$S46*T44*8 -> 8.3733333 | U46: =$S46*U44*8 -> 111.36533 | V46: =$S46*V44*8 -> -102.992
C47: Accuracy | D47: =D37+5 -> 360 | E47: =D47+F47 -> 360 | G47: Mistake based on Rarity
C48: Spin | D48: =D58 -> 100 | E48: =D48+F48 -> 100 | G48: =G38 -> 7
C49: Loft | D49: ='DEFAULT CLUBS-COMMON'!D49 -> 35 | E49: =D49+F49 -> 35
C50: Recovery | D50: =D60-10 -> 108 | E50: =D50+F50 -> 108
C51: Durability | D51: =D41 -> 300 | E51: =D51+F51 -> 300
H52: . | K52: Randomizer | L52: =RANDBETWEEN(0,3) -> 2 | M52: Mechanical Misake | N52: 1
L53: SemiRough | M53: SemiRough | U53: ROLL AFTER COEFFICIENT
F54: UPGRADES | L54: =VLOOKUP(L53,RECOVERY!$AA$8:$AP$10,7,FALSE) -> 1.3 | M54: =VLOOKUP(M53,RECOVERY!$AA$27:$AP$29,7,FALSE) -> 0.65 | N54: -1.5 | O54: 0 | P54: 1.5 | R54: 1/-1 | T54: 0.1 | U54: 1.33 | V54: -1.23
B55: LEGENDARY | D55: Base Parameter | E55: Parameter | F55: =F45 -> 0/235 | G55: Base Rar Dist | H55: SHOT DISTANCE | I55: ACC. Coeff | J55: Shot Power Multiplyer | K55: ACC. DEVIATION | L55: REC. FOR ACC | M55: REC. FOR POWER | N55: TOP SPIN | O55: NO SPIN | P55: BACK SPIN | Q55: Deviation | R55: SIDE SPIN POWER | S55: Calculated Spin | T55: DEFAULT | U55: TOP SPIN | V55: BACK SPIN
B56: 4-Iron | C56: Power | D56: =D46-10 -> 220 | E56: =D56+F56 -> 220 | G56: =G46 -> 50 | H56: =$G$6+(E56/2)+$AB$6+(Z56/2)+$L$2 -> 205 | I56: =1-(E57/1000) -> 0.64 | J56: =ROUND(POWER(E56/100,0.5),3) -> 1.483 | K56: =(G58*J56*I56*N52) -> 6.64384 | L56: =1+(L54-1)*(1-E60/500) -> 1.2292 | M56: =M54+((1-M54)*0.5*E60/400) -> 0.701625 | N56: =(E59+(Q56*N54))/1.3 -> 23.461538 | O56: =(D59+(P56*O54))/1.3 -> 26.923077 | P56: =(E59+(Q56*P54))/1.3 -> 30.384615 | Q56: =3*(E58/100) -> 3 | R56: =E58*1*(VLOOKUP(B56,SPIN!$M$27:$N$40,2,FALSE)) -> 6000 | S56: =E58*2*3.14/60 -> 10.466667 | T56: =$S56*T54*8 -> 8.3733333 | U56: =$S56*U54*8 -> 111.36533 | V56: =$S56*V54*8 -> -102.992
C57: Accuracy | D57: =D47 -> 360 | E57: =D57+F57 -> 360 | G57: Mistake based on Rarity
C58: Spin | D58: =D68-10 -> 100 | E58: =D58+F58 -> 100 | G58: =G48 -> 7
C59: Loft | D59: ='DEFAULT CLUBS-COMMON'!D59 -> 35 | E59: =D59+F59 -> 35
C60: Recovery | D60: =D70 -> 118 | E60: =D60+F60 -> 118
C61: Durability | D61: =D51 -> 300 | E61: =D61+F61 -> 300
H62: . | K62: Randomizer | L62: =RANDBETWEEN(0,3) -> 3 | M62: Mechanical Misake | N62: 1
L63: SemiRough | M63: SemiRough | U63: ROLL AFTER COEFFICIENT
F64: UPGRADES | L64: =VLOOKUP(L63,RECOVERY!$AA$8:$AP$10,8,FALSE) -> 1.25 | M64: =VLOOKUP(M63,RECOVERY!$AA$27:$AP$29,8,FALSE) -> 0.75 | N64: -1.5 | O64: 0 | P64: 1.5 | R64: 1/-1 | T64: 0.1 | U64: 1.33 | V64: -1.23
B65: LEGENDARY | D65: Base Parameter | E65: Parameter | F65: =F55 -> 0/235 | G65: Base Rar Dist | H65: SHOT DISTANCE | I65: ACC. Coeff | J65: Shot Power Multiplyer | K65: ACC. DEVIATION | L65: REC. FOR ACC | M65: REC. FOR POWER | N65: TOP SPIN | O65: NO SPIN | P65: BACK SPIN | Q65: Deviation | R65: SIDE SPIN POWER | S65: Calculated Spin | T65: DEFAULT | U65: TOP SPIN | V65: BACK SPIN
B66: 5-Iron | C66: Power | D66: =D56-10 -> 210 | E66: =D66+F66 -> 210 | G66: =G56 -> 50 | H66: =$G$6+(E66/2)+$AB$6+(Z66/2)+$L$2 -> 200 | I66: =1-(E67/1000) -> 0.635 | J66: =ROUND(POWER(E66/100,0.5),3) -> 1.449 | K66: =(G68*J66*I66*N62) -> 6.440805 | L66: =1+(L64-1)*(1-E70/500) -> 1.191 | M66: =M64+((1-M64)*0.5*E70/400) -> 0.786875 | N66: =(E69+(Q66*N64))/1.3 -> 23.115385 | O66: =(D69+(P66*O64))/1.3 -> 26.923077 | P66: =(E69+(Q66*P64))/1.3 -> 30.730769 | Q66: =3*(E68/100) -> 3.3 | R66: =E68*1*(VLOOKUP(B66,SPIN!$M$27:$N$40,2,FALSE)) -> 7700 | S66: =E68*2*3.14/60 -> 11.513333 | T66: =$S66*T64*8 -> 9.2106667 | U66: =$S66*U64*8 -> 122.50187 | V66: =$S66*V64*8 -> -113.2912
C67: Accuracy | D67: =D57+5 -> 365 | E67: =D67+F67 -> 365 | G67: Mistake based on Rarity
C68: Spin | D68: =D78 -> 110 | E68: =D68+F68 -> 110 | G68: =G58 -> 7
C69: Loft | D69: ='DEFAULT CLUBS-COMMON'!D69 -> 35 | E69: =D69+F69 -> 35
C70: Recovery | D70: =D80 -> 118 | E70: =D70+F70 -> 118
C71: Durability | D71: =D61 -> 300 | E71: =D71+F71 -> 300
H72: . | K72: Randomizer | L72: =RANDBETWEEN(0,3) -> 3 | M72: Mechanical Misake | N72: 1
L73: SemiRough | M73: SemiRough | U73: ROLL AFTER COEFFICIENT
F74: UPGRADES | L74: =VLOOKUP(L73,RECOVERY!$AA$8:$AP$10,9,FALSE) -> 1.25 | M74: =VLOOKUP(M73,RECOVERY!$AA$27:$AP$29,9,FALSE) -> 0.75 | N74: -1.5 | O74: 0 | P74: 1.5 | R74: 1/-1 | T74: 0.1 | U74: 1.33 | V74: -1.23
B75: LEGENDARY | D75: Base Parameter | E75: Parameter | F75: =F65 -> 0/235 | G75: Base Rar Dist | H75: SHOT DISTANCE | I75: ACC. Coeff | J75: Shot Power Multiplyer | K75: ACC. DEVIATION | L75: REC. FOR ACC | M75: REC. FOR POWER | N75: TOP SPIN | O75: NO SPIN | P75: BACK SPIN | Q75: Deviation | R75: SIDE SPIN POWER | S75: Calculated Spin | T75: DEFAULT | U75: TOP SPIN | V75: BACK SPIN
B76: 6-Iron | C76: Power | D76: =D66-10 -> 200 | E76: =D76+F76 -> 200 | G76: =G66 -> 50 | H76: =$G$6+(E76/2)+$AB$6+(Z76/2)+$L$2 -> 195 | I76: =1-(E77/1000) -> 0.635 | J76: =ROUND(POWER(E76/100,0.5),3) -> 1.414 | K76: =(G78*J76*I76*N72) -> 6.28523 | L76: =1+(L74-1)*(1-E80/500) -> 1.191 | M76: =M74+((1-M74)*0.5*E80/400) -> 0.786875 | N76: =(E79+(Q76*N74))/1.3 -> 23.115385 | O76: =(D79+(P76*O74))/1.3 -> 26.923077 | P76: =(E79+(Q76*P74))/1.3 -> 30.730769 | Q76: =3*(E78/100) -> 3.3 | R76: =E78*1*(VLOOKUP(B76,SPIN!$M$27:$N$40,2,FALSE)) -> 7700 | S76: =E78*2*3.14/60 -> 11.513333 | T76: =$S76*T74*8 -> 9.2106667 | U76: =$S76*U74*8 -> 122.50187 | V76: =$S76*V74*8 -> -113.2912
C77: Accuracy | D77: =D67 -> 365 | E77: =D77+F77 -> 365 | G77: Mistake based on Rarity
C78: Spin | D78: =D88 -> 110 | E78: =D78+F78 -> 110 | G78: =G68 -> 7
C79: Loft | D79: ='DEFAULT CLUBS-COMMON'!D79 -> 35 | E79: =D79+F79 -> 35
C80: Recovery | D80: =D90-12 -> 118 | E80: =D80+F80 -> 118
C81: Durability | D81: =D71 -> 300 | E81: =D81+F81 -> 300
H82: . | K82: Randomizer | L82: =RANDBETWEEN(0,3) -> 3 | M82: Mechanical Misake | N82: 1
L83: SemiRough | M83: SemiRough | U83: ROLL AFTER COEFFICIENT
F84: UPGRADES | L84: =VLOOKUP(L83,RECOVERY!$AA$8:$AP$10,10,FALSE) -> 1.25 | M84: =VLOOKUP(M83,RECOVERY!$AA$27:$AP$29,10,FALSE) -> 0.75 | N84: -1.5 | O84: 0 | P84: 1.5 | R84: 1/-1 | T84: 0.1 | U84: 1.33 | V84: -1.23
B85: LEGENDARY | D85: Base Parameter | E85: Parameter | F85: =F75 -> 0/235 | G85: Base Rar Dist | H85: SHOT DISTANCE | I85: ACC. Coeff | J85: Shot Power Multiplyer | K85: ACC. DEVIATION | L85: REC. FOR ACC | M85: REC. FOR POWER | N85: TOP SPIN | O85: NO SPIN | P85: BACK SPIN | Q85: Deviation | R85: SIDE SPIN POWER | S85: Calculated Spin | T85: DEFAULT | U85: TOP SPIN | V85: BACK SPIN
B86: 7-Iron | C86: Power | D86: =D76-10 -> 190 | E86: =D86+F86 -> 190 | G86: =G76 -> 50 | H86: =$G$6+(E86/2)+$AB$6+(Z86/2)+$L$2 -> 190 | I86: =1-(E87/1000) -> 0.63 | J86: =ROUND(POWER(E86/100,0.5),3) -> 1.378 | K86: =(G88*J86*I86*N82) -> 6.07698 | L86: =1+(L84-1)*(1-E90/500) -> 1.185 | M86: =M84+((1-M84)*0.5*E90/400) -> 0.790625 | N86: =(E89+(Q86*N84))/1.3 -> 23.115385 | O86: =(D89+(P86*O84))/1.3 -> 26.923077 | P86: =(E89+(Q86*P84))/1.3 -> 30.730769 | Q86: =3*(E88/100) -> 3.3 | R86: =E88*1*(VLOOKUP(B86,SPIN!$M$27:$N$40,2,FALSE)) -> 7700 | S86: =E88*2*3.14/60 -> 11.513333 | T86: =$S86*T84*8 -> 9.2106667 | U86: =$S86*U84*8 -> 122.50187 | V86: =$S86*V84*8 -> -113.2912
C87: Accuracy | D87: =D77+5 -> 370 | E87: =D87+F87 -> 370 | G87: Mistake based on Rarity
C88: Spin | D88: =D98-5 -> 110 | E88: =D88+F88 -> 110 | G88: =G78 -> 7
C89: Loft | D89: ='DEFAULT CLUBS-COMMON'!D89 -> 35 | E89: =D89+F89 -> 35
C90: Recovery | D90: =D100 -> 130 | E90: =D90+F90 -> 130
C91: Durability | D91: =D81 -> 300 | E91: =D91+F91 -> 300
H92: . | K92: Randomizer | L92: =RANDBETWEEN(0,3) -> 2 | M92: Mechanical Misake | N92: 1
L93: SemiRough | M93: SemiRough | U93: ROLL AFTER COEFFICIENT
F94: UPGRADES | L94: =VLOOKUP(L93,RECOVERY!$AA$8:$AP$10,11,FALSE) -> 1.2 | M94: =VLOOKUP(M93,RECOVERY!$AA$27:$AP$29,11,FALSE) -> 0.75 | N94: -1.5 | O94: 0 | P94: 1.5 | R94: 1/-1 | T94: 0.1 | U94: 1.33 | V94: -1.23
B95: LEGENDARY | D95: Base Parameter | E95: Parameter | F95: =F85 -> 0/235 | G95: Base Rar Dist | H95: SHOT DISTANCE | I95: ACC. Coeff | J95: Shot Power Multiplyer | K95: ACC. DEVIATION | L95: REC. FOR ACC | M95: REC. FOR POWER | N95: TOP SPIN | O95: NO SPIN | P95: BACK SPIN | Q95: Deviation | R95: SIDE SPIN POWER | S95: Calculated Spin | T95: DEFAULT | U95: TOP SPIN | V95: BACK SPIN
B96: 8-Iron | C96: Power | D96: =D86-10 -> 180 | E96: =D96+F96 -> 180 | G96: =G86 -> 50 | H96: =$G$6+(E96/2)+$AB$6+(Z96/2)+$L$2 -> 185 | I96: =1-(E97/1000) -> 0.63 | J96: =ROUND(POWER(E96/100,0.5),3) -> 1.342 | K96: =(G98*J96*I96*N92) -> 5.91822 | L96: =1+(L94-1)*(1-E100/500) -> 1.148 | M96: =M94+((1-M94)*0.5*E100/400) -> 0.790625 | N96: =(E99+(Q96*N94))/1.3 -> 25.25 | O96: =(D99+(P96*O94))/1.3 -> 29.230769 | P96: =(E99+(Q96*P94))/1.3 -> 33.211538 | Q96: =3*(E98/100) -> 3.45 | R96: =E98*1*(VLOOKUP(B96,SPIN!$M$27:$N$40,2,FALSE)) -> 9200 | S96: =E98*2*3.14/60 -> 12.036667 | T96: =$S96*T94*8 -> 9.6293333 | U96: =$S96*U94*8 -> 128.07013 | V96: =$S96*V94*8 -> -118.4408
C97: Accuracy | D97: =D87 -> 370 | E97: =D97+F97 -> 370 | G97: Mistake based on Rarity
C98: Spin | D98: =D108 -> 115 | E98: =D98+F98 -> 115 | G98: =G88 -> 7
C99: Loft | D99: ='DEFAULT CLUBS-COMMON'!D99 -> 38 | E99: =D99+F99 -> 38
C100: Recovery | D100: =D110 -> 130 | E100: =D100+F100 -> 130
C101: Durability | D101: =D91 -> 300 | E101: =D101+F101 -> 300
...

Sheet DEFAULT CLUBS-SUPREME
H2: . | K2: Randomizer | L2: =RANDBETWEEN(0,3) -> 3 | M2: Mechanical Misake | N2: 1 | Z2: CHARCTER | AC2: UPGRADES
L3: SemiRough | M3: SemiRough | U3: ROLL AFTER COEFFICIENT
F4: UPGRADES | L4: =VLOOKUP(L3,RECOVERY!$AA$8:$AP$10,2,FALSE) -> 1.4 | M4: =VLOOKUP(M3,RECOVERY!$AA$27:$AP$29,2,FALSE) -> 0.65 | N4: -1.5 | O4: 0 | P4: 1.5 | R4: 1/-1 | T4: 0.1 | U4: 1.33 | V4: -1.23
B5: SUPREME | D5: Base Parameter | E5: Parameter | F5: =SUM(F6:F11)&"/325" -> 0/325 | G5: Base Rar Dist | H5: SHOT DISTANCE | I5: ACC. Coeff | J5: Shot Power Multiplyer | K5: ACC. DEVIATION | L5: REC. FOR ACC | M5: REC. FOR POWER | N5: TOP SPIN | O5: NO SPIN | P5: BACK SPIN | Q5: Deviation | R5: SIDE SPIN | S5: Calculated Spin | T5: DEFAULT | U5: TOP SPIN | V5: BACK SPIN | Z5: SUPREME | AA5: Base Parameter | AB5: Parameter | AC5: =SUM(AC6:AC9)&"/25" -> 0/25 | AD5: Base Rar Dist
B6: Driver | C6: Power | D6: 300 | E6: =D6+F6 -> 300 | G6: 55 | H6: =$G$6+(E6/2)+$AD$6+(AB6/2)+$L$2 -> 258 | I6: =1-(E7/1000) -> 0.6 | J6: =ROUND(POWER(E6/100,0.5),3) -> 1.732 | K6: =(G8*J6*I6*N2) -> 5.196 | L6: =1+(L4-1)*(1-E10/500) -> 1.2784 | M6: =M4+((1-M4)*0.5*E10/400) -> 0.7165 | N6: =(E9+(Q6*N4))/1.3 -> 23.461538 | O6: =(D9+(P6*O4))/1.3 -> 26.923077 | P6: =(E9+(Q6*P4))/1.3 -> 30.384615 | Q6: =3*(E8/100) -> 3 | R6: =E8*1*(VLOOKUP(B6,SPIN!$M$27:$N$40,2,FALSE)) -> 4000 | S6: =E8*2*3.14/60 -> 10.466667 | T6: =$S6*T4*8 -> 8.3733333 | U6: =$S6*U4*8 -> 111.36533 | V6: =$S6*V4*8 -> -102.992 | Z6: STRENGTH | AA6: 40 | AB6: =AA6+AC6 -> 40 | AD6: 30
C7: Accuracy | D7: 400 | E7: =D7+F7 -> 400 | G7: Mistake based on Rarity | H7: . | Z7: CLUB CONTROL | AA7: 50 | AB7: =AA7+AC7 -> 50
C8: Spin | D8: =D18-15 -> 100 | E8: =D8+F8 -> 100 | G8: 5 | Z8: STAMINA | AA8: 150 | AB8: =AA8+AC8 -> 150
C9: Loft | D9: ='DEFAULT CLUBS-COMMON'!D9 -> 35 | E9: =D9+F9 -> 35 | Z9: STAMINA REG | AA9: 5 | AB9: =AA9+AC9 -> 5
C10: Recovery | D10: =D20-6 -> 152 | E10: =D10+F10 -> 152
C11: Durability | D11: 350 | E11: =D11+F11 -> 350
H12: . | K12: Randomizer | L12: =RANDBETWEEN(0,3) -> 2 | M12: Mechanical Misake | N12: 1
L13: SemiRough | M13: SemiRough | U13: ROLL AFTER COEFFICIENT
F14: UPGRADES | L14: =VLOOKUP(L13,RECOVERY!$AA$8:$AP$10,3,FALSE) -> 1.4 | M14: =VLOOKUP(M13,RECOVERY!$AA$27:$AP$29,3,FALSE) -> 0.65 | N14: -1.5 | O14: 0 | P14: 1.5 | R14: 1/-1 | T14: 0.1 | U14: 1.33 | V14: -1.23
B15: SUPREME | D15: Base Parameter | E15: Parameter | F15: =SUM(F16:F21)&"/325" -> 0/325 | G15: Base Rar Dist | H15: SHOT DISTANCE | I15: ACC. Coeff | J15: Shot Power Multiplyer | K15: ACC. DEVIATION | L15: REC. FOR ACC | M15: REC. FOR POWER | N15: TOP SPIN | O15: NO SPIN | P15: BACK SPIN | Q15: Deviation | R15: SIDE SPIN | S15: Calculated Spin | T15: DEFAULT | U15: TOP SPIN | V15: BACK SPIN
B16: 3-Wood | C16: Power | D16: =D6-10 -> 290 | E16: =D16+F16 -> 290 | G16: 55 | H16: =$G$6+(E16/2)+$AD$6+(AB16/2)+$L$2 -> 233 | I16: =1-(E17/1000) -> 0.6 | J16: =ROUND(POWER(E16/100,0.5),3) -> 1.703 | K16: =(G18*J16*I16*N12) -> 5.109 | L16: =1+(L14-1)*(1-E20/500) -> 1.2736 | M16: =M14+((1-M14)*0.5*E20/400) -> 0.719125 | N16: =(E19+(Q16*N14))/1.3 -> 22.942308 | O16: =(D19+(P16*O14))/1.3 -> 26.923077 | P16: =(E19+(Q16*P14))/1.3 -> 30.903846 | Q16: =3*(E18/100) -> 3.45 | R16: =E18*1*(VLOOKUP(B16,SPIN!$M$27:$N$40,2,FALSE)) -> 5750 | S16: =E18*2*3.14/60 -> 12.036667 | T16: =$S16*T14*8 -> 9.6293333 | U16: =$S16*U14*8 -> 128.07013 | V16: =$S16*V14*8 -> -118.4408
C17: Accuracy | D17: =D7 -> 400 | E17: =D17+F17 -> 400 | G17: Mistake based on Rarity
C18: Spin | D18: =D28 -> 115 | E18: =D18+F18 -> 115 | G18: 5
C19: Loft | D19: ='DEFAULT CLUBS-COMMON'!D19 -> 35 | E19: =D19+F19 -> 35
C20: Recovery | D20: =D30 -> 158 | E20: =D20+F20 -> 158
C21: Durability | D21: =D11 -> 350 | E21: =D21+F21 -> 350
H22: . | K22: Randomizer | L22: =RANDBETWEEN(0,3) -> 3 | M22: Mechanical Misake | N22: 1
L23: SemiRough | M23: SemiRough | U23: ROLL AFTER COEFFICIENT
F24: UPGRADES | L24: =VLOOKUP(L23,RECOVERY!$AA$8:$AP$10,4,FALSE) -> 1.4 | M24: =VLOOKUP(M23,RECOVERY!$AA$27:$AP$29,4,FALSE) -> 0.65 | N24: -1.5 | O24: 0 | P24: 1.5 | R24: 1/-1 | T24: 0.1 | U24: 1.33 | V24: -1.23
B25: SUPREME | D25: Base Parameter | E25: Parameter | F25: =SUM(F26:F31)&"/325" -> 0/325 | G25: Base Rar Dist | H25: SHOT DISTANCE | I25: ACC. Coeff | J25: Shot Power Multiplyer | K25: ACC. DEVIATION | L25: REC. FOR ACC | M25: REC. FOR POWER | N25: TOP SPIN | O25: NO SPIN | P25: BACK SPIN | Q25: Deviation | R25: SIDE SPIN | S25: Calculated Spin | T25: DEFAULT | U25: TOP SPIN | V25: BACK SPIN
B26: 5-Wood | C26: Power | D26: =D16-10 -> 280 | E26: =D26+F26 -> 280 | G26: 55 | H26: =$G$6+(E26/2)+$AD$6+(AB26/2)+$L$2 -> 228 | I26: =1-(E27/1000) -> 0.595 | J26: =ROUND(POWER(E26/100,0.5),3) -> 1.673 | K26: =(G28*J26*I26*N22) -> 4.977175 | L26: =1+(L24-1)*(1-E30/500) -> 1.2736 | M26: =M24+((1-M24)*0.5*E30/400) -> 0.719125 | N26: =(E29+(Q26*N24))/1.3 -> 22.942308 | O26: =(D29+(P26*O24))/1.3 -> 26.923077 | P26: =(E29+(Q26*P24))/1.3 -> 30.903846 | Q26: =3*(E28/100) -> 3.45 | R26: =E28*1*(VLOOKUP(B26,SPIN!$M$27:$N$40,2,FALSE)) -> 5750 | S26: =E28*2*3.14/60 -> 12.036667 | T26: =$S26*T24*8 -> 9.6293333 | U26: =$S26*U24*8 -> 128.07013 | V26: =$S26*V24*8 -> -118.4408
C27: Accuracy | D27: =D17+5 -> 405 | E27: =D27+F27 -> 405 | G27: Mistake based on Rarity
C28: Spin | D28: =D48 -> 115 | E28: =D28+F28 -> 115 | G28: 5
C29: Loft | D29: ='DEFAULT CLUBS-COMMON'!D29 -> 35 | E29: =D29+F29 -> 35
C30: Recovery | D30: =D40 -> 158 | E30: =D30+F30 -> 158
C31: Durability | D31: =D21 -> 350 | E31: =D31+F31 -> 350
H32: . | K32: Randomizer | L32: =RANDBETWEEN(0,3) -> 3 | M32: Mechanical Misake | N32: 1
L33: SemiRough | M33: SemiRough | U33: ROLL AFTER COEFFICIENT
F34: UPGRADES | L34: =VLOOKUP(L33,RECOVERY!$AA$8:$AP$10,5,FALSE) -> 1.4 | M34: =VLOOKUP(M33,RECOVERY!$AA$27:$AP$29,5,FALSE) -> 0.65 | N34: -1.5 | O34: 0 | P34: 1.5 | R34: 1/-1 | T34: 0.1 | U34: 1.33 | V34: -1.23
B35: SUPREME | D35: Base Parameter | E35: Parameter | F35: =SUM(F36:F41)&"/325" -> 0/325 | G35: Base Rar Dist | H35: SHOT DISTANCE | I35: ACC. Coeff | J35: Shot Power Multiplyer | K35: ACC. DEVIATION | L35: REC. FOR ACC | M35: REC. FOR POWER | N35: TOP SPIN | O35: NO SPIN | P35: BACK SPIN | Q35: Deviation | R35: SIDE SPIN | S35: Calculated Spin | T35: DEFAULT | U35: TOP SPIN | V35: BACK SPIN
B36: 7-Wood | C36: Power | D36: =D26-10 -> 270 | E36: =D36+F36 -> 270 | G36: 55 | H36: =$G$6+(E36/2)+$AD$6+(AB36/2)+$L$2 -> 223 | I36: =1-(E37/1000) -> 0.595 | J36: =ROUND(POWER(E36/100,0.5),3) -> 1.643 | K36: =(G38*J36*I36*N32) -> 4.887925 | L36: =1+(L34-1)*(1-E40/500) -> 1.2736 | M36: =M34+((1-M34)*0.5*E40/400) -> 0.719125 | N36: =(E39+(Q36*N34))/1.3 -> 22.803846 | O36: =(D39+(P36*O34))/1.3 -> 26.923077 | P36: =(E39+(Q36*P34))/1.3 -> 31.042308 | Q36: =3*(E38/100) -> 3.57 | R36: =E38*1*(VLOOKUP(B36,SPIN!$M$27:$N$40,2,FALSE)) -> 5950 | S36: =E38*2*3.14/60 -> 12.455333 | T36: =$S36*T34*8 -> 9.9642667 | U36: =$S36*U34*8 -> 132.52475 | V36: =$S36*V34*8 -> -122.56048
C37: Accuracy | D37: =D27 -> 405 | E37: =D37+F37 -> 405 | G37: Mistake based on Rarity
C38: Spin | D38: =D48+4 -> 119 | E38: =D38+F38 -> 119 | G38: 5
C39: Loft | D39: ='DEFAULT CLUBS-COMMON'!D39 -> 35 | E39: =D39+F39 -> 35
C40: Recovery | D40: =D50 -> 158 | E40: =D40+F40 -> 158
C41: Durability | D41: =D31 -> 350 | E41: =D41+F41 -> 350
H42: . | K42: Randomizer | L42: =RANDBETWEEN(0,3) -> 0 | M42: Mechanical Misake | N42: 1
L43: SemiRough | M43: SemiRough | U43: ROLL AFTER COEFFICIENT
F44: UPGRADES | L44: =VLOOKUP(L43,RECOVERY!$AA$8:$AP$10,6,FALSE) -> 1.3 | M44: =VLOOKUP(M43,RECOVERY!$AA$27:$AP$29,6,FALSE) -> 0.65 | N44: -1.5 | O44: 0 | P44: 1.5 | R44: 1/-1 | T44: 0.1 | U44: 1.33 | V44: -1.23
B45: SUPREME | D45: Base Parameter | E45: Parameter | F45: =SUM(F46:F51)&"/325" -> 0/325 | G45: Base Rar Dist | H45: SHOT DISTANCE | I45: ACC. Coeff | J45: Shot Power Multiplyer | K45: ACC. DEVIATION | L45: REC. FOR ACC | M45: REC. FOR POWER | N45: TOP SPIN | O45: NO SPIN | P45: BACK SPIN | Q45: Deviation | R45: SIDE SPIN | S45: Calculated Spin | T45: DEFAULT | U45: TOP SPIN | V45: BACK SPIN
B46: 3-Iron | C46: Power | D46: =D36-10 -> 260 | E46: =D46+F46 -> 260 | G46: 55 | H46: =$G$6+(E46/2)+$AD$6+(AB46/2)+$L$2 -> 218 | I46: =1-(E47/1000) -> 0.59 | J46: =ROUND(POWER(E46/100,0.5),3) -> 1.612 | K46: =(G48*J46*I46*N42) -> 4.7554 | L46: =1+(L44-1)*(1-E50/500) -> 1.2052 | M46: =M44+((1-M44)*0.5*E50/400) -> 0.719125 | N46: =(E49+(Q46*N44))/1.3 -> 22.942308 | O46: =(D49+(P46*O44))/1.3 -> 26.923077 | P46: =(E49+(Q46*P44))/1.3 -> 30.903846 | Q46: =3*(E48/100) -> 3.45 | R46: =E48*1*(VLOOKUP(B46,SPIN!$M$27:$N$40,2,FALSE)) -> 6900 | S46: =E48*2*3.14/60 -> 12.036667 | T46: =$S46*T44*8 -> 9.6293333 | U46: =$S46*U44*8 -> 128.07013 | V46: =$S46*V44*8 -> -118.4408
C47: Accuracy | D47: =D37+5 -> 410 | E47: =D47+F47 -> 410 | G47: Mistake based on Rarity
C48: Spin | D48: =D58 -> 115 | E48: =D48+F48 -> 115 | G48: 5
C49: Loft | D49: ='DEFAULT CLUBS-COMMON'!D49 -> 35 | E49: =D49+F49 -> 35
C50: Recovery | D50: =D60-10 -> 158 | E50: =D50+F50 -> 158
C51: Durability | D51: =D41 -> 350 | E51: =D51+F51 -> 350
H52: . | K52: Randomizer | L52: =RANDBETWEEN(0,3) -> 1 | M52: Mechanical Misake | N52: 1
L53: SemiRough | M53: SemiRough | U53: ROLL AFTER COEFFICIENT
F54: UPGRADES | L54: =VLOOKUP(L53,RECOVERY!$AA$8:$AP$10,7,FALSE) -> 1.3 | M54: =VLOOKUP(M53,RECOVERY!$AA$27:$AP$29,7,FALSE) -> 0.65 | N54: -1.5 | O54: 0 | P54: 1.5 | R54: 1/-1 | T54: 0.1 | U54: 1.33 | V54: -1.23
B55: SUPREME | D55: Base Parameter | E55: Parameter | F55: =SUM(F56:F61)&"/325" -> 0/325 | G55: Base Rar Dist | H55: SHOT DISTANCE | I55: ACC. Coeff | J55: Shot Power Multiplyer | K55: ACC. DEVIATION | L55: REC. FOR ACC | M55: REC. FOR POWER | N55: TOP SPIN | O55: NO SPIN | P55: BACK SPIN | Q55: Deviation | R55: SIDE SPIN | S55: Calculated Spin | T55: DEFAULT | U55: TOP SPIN | V55: BACK SPIN
B56: 4-Iron | C56: Power | D56: =D46-10 -> 250 | E56: =D56+F56 -> 250 | G56: 55 | H56: =$G$6+(E56/2)+$AD$6+(AB56/2)+$L$2 -> 213 | I56: =1-(E57/1000) -> 0.59 | J56: =ROUND(POWER(E56/100,0.5),3) -> 1.581 | K56: =(G58*J56*I56*N52) -> 4.66395 | L56: =1+(L54-1)*(1-E60/500) -> 1.1992 | M56: =M54+((1-M54)*0.5*E60/400) -> 0.7235 | N56: =(E59+(Q56*N54))/1.3 -> 22.942308 | O56: =(D59+(P56*O54))/1.3 -> 26.923077 | P56: =(E59+(Q56*P54))/1.3 -> 30.903846 | Q56: =3*(E58/100) -> 3.45 | R56: =E58*1*(VLOOKUP(B56,SPIN!$M$27:$N$40,2,FALSE)) -> 6900 | S56: =E58*2*3.14/60 -> 12.036667 | T56: =$S56*T54*8 -> 9.6293333 | U56: =$S56*U54*8 -> 128.07013 | V56: =$S56*V54*8 -> -118.4408
C57: Accuracy | D57: =D47 -> 410 | E57: =D57+F57 -> 410 | G57: Mistake based on Rarity
C58: Spin | D58: =D68-10 -> 115 | E58: =D58+F58 -> 115 | G58: 5
C59: Loft | D59: ='DEFAULT CLUBS-COMMON'!D59 -> 35 | E59: =D59+F59 -> 35
C60: Recovery | D60: =D70 -> 168 | E60: =D60+F60 -> 168
C61: Durability | D61: =D51 -> 350 | E61: =D61+F61 -> 350
H62: . | K62: Randomizer | L62: =RANDBETWEEN(0,3) -> 1 | M62: Mechanical Misake | N62: 1
L63: SemiRough | M63: SemiRough | U63: ROLL AFTER COEFFICIENT
F64: UPGRADES | L64: =VLOOKUP(L63,RECOVERY!$AA$8:$AP$10,8,FALSE) -> 1.25 | M64: =VLOOKUP(M63,RECOVERY!$AA$27:$AP$29,8,FALSE) -> 0.75 | N64: -1.5 | O64: 0 | P64: 1.5 | R64: 1/-1 | T64: 0.1 | U64: 1.33 | V64: -1.23
B65: SUPREME | D65: Base Parameter | E65: Parameter | F65: =SUM(F66:F71)&"/325" -> 0/325 | G65: Base Rar Dist | H65: SHOT DISTANCE | I65: ACC. Coeff | J65: Shot Power Multiplyer | K65: ACC. DEVIATION | L65: REC. FOR ACC | M65: REC. FOR POWER | N65: TOP SPIN | O65: NO SPIN | P65: BACK SPIN | Q65: Deviation | R65: SIDE SPIN | S65: Calculated Spin | T65: DEFAULT | U65: TOP SPIN | V65: BACK SPIN
B66: 5-Iron | C66: Power | D66: =D56-10 -> 240 | E66: =D66+F66 -> 240 | G66: 55 | H66: =$G$6+(E66/2)+$AD$6+(AB66/2)+$L$2 -> 208 | I66: =1-(E67/1000) -> 0.585 | J66: =ROUND(POWER(E66/100,0.5),3) -> 1.549 | K66: =(G68*J66*I66*N62) -> 4.530825 | L66: =1+(L64-1)*(1-E70/500) -> 1.166 | M66: =M64+((1-M64)*0.5*E70/400) -> 0.8025 | N66: =(E69+(Q66*N64))/1.3 -> 22.596154 | O66: =(D69+(P66*O64))/1.3 -> 26.923077 | P66: =(E69+(Q66*P64))/1.3 -> 31.25 | Q66: =3*(E68/100) -> 3.75 | R66: =E68*1*(VLOOKUP(B66,SPIN!$M$27:$N$40,2,FALSE)) -> 8750 | S66: =E68*2*3.14/60 -> 13.083333 | T66: =$S66*T64*8 -> 10.466667 | U66: =$S66*U64*8 -> 139.20667 | V66: =$S66*V64*8 -> -128.74
C67: Accuracy | D67: =D57+5 -> 415 | E67: =D67+F67 -> 415 | G67: Mistake based on Rarity
C68: Spin | D68: =D78 -> 125 | E68: =D68+F68 -> 125 | G68: 5
C69: Loft | D69: ='DEFAULT CLUBS-COMMON'!D69 -> 35 | E69: =D69+F69 -> 35
C70: Recovery | D70: =D80 -> 168 | E70: =D70+F70 -> 168
C71: Durability | D71: =D61 -> 350 | E71: =D71+F71 -> 350
H72: . | K72: Randomizer | L72: =RANDBETWEEN(0,3) -> 3 | M72: Mechanical Misake | N72: 1
L73: SemiRough | M73: SemiRough | U73: ROLL AFTER COEFFICIENT
F74: UPGRADES | L74: =VLOOKUP(L73,RECOVERY!$AA$8:$AP$10,9,FALSE) -> 1.25 | M74: =VLOOKUP(M73,RECOVERY!$AA$27:$AP$29,9,FALSE) -> 0.75 | N74: -1.5 | O74: 0 | P74: 1.5 | R74: 1/-1 | T74: 0.1 | U74: 1.33 | V74: -1.23
B75: SUPREME | D75: Base Parameter | E75: Parameter | F75: =SUM(F76:F81)&"/325" -> 0/325 | G75: Base Rar Dist | H75: SHOT DISTANCE | I75: ACC. Coeff | J75: Shot Power Multiplyer | K75: ACC. DEVIATION | L75: REC. FOR ACC | M75: REC. FOR POWER | N75: TOP SPIN | O75: NO SPIN | P75: BACK SPIN | Q75: Deviation | R75: SIDE SPIN | S75: Calculated Spin | T75: DEFAULT | U75: TOP SPIN | V75: BACK SPIN
B76: 6-Iron | C76: Power | D76: =D66-10 -> 230 | E76: =D76+F76 -> 230 | G76: 55 | H76: =$G$6+(E76/2)+$AD$6+(AB76/2)+$L$2 -> 203 | I76: =1-(E77/1000) -> 0.585 | J76: =ROUND(POWER(E76/100,0.5),3) -> 1.517 | K76: =(G78*J76*I76*N72) -> 4.437225 | L76: =1+(L74-1)*(1-E80/500) -> 1.166 | M76: =M74+((1-M74)*0.5*E80/400) -> 0.8025 | N76: =(E79+(Q76*N74))/1.3 -> 22.596154 | O76: =(D79+(P76*O74))/1.3 -> 26.923077 | P76: =(E79+(Q76*P74))/1.3 -> 31.25 | Q76: =3*(E78/100) -> 3.75 | R76: =E78*1*(VLOOKUP(B76,SPIN!$M$27:$N$40,2,FALSE)) -> 8750 | S76: =E78*2*3.14/60 -> 13.083333 | T76: =$S76*T74*8 -> 10.466667 | U76: =$S76*U74*8 -> 139.20667 | V76: =$S76*V74*8 -> -128.74
C77: Accuracy | D77: =D67 -> 415 | E77: =D77+F77 -> 415 | G77: Mistake based on Rarity
C78: Spin | D78: =D88 -> 125 | E78: =D78+F78 -> 125 | G78: 5
C79: Loft | D79: ='DEFAULT CLUBS-COMMON'!D79 -> 35 | E79: =D79+F79 -> 35
C80: Recovery | D80: =D90-12 -> 168 | E80: =D80+F80 -> 168
C81: Durability | D81: =D71 -> 350 | E81: =D81+F81 -> 350
H82: . | K82: Randomizer | L82: =RANDBETWEEN(0,3) -> 0 | M82: Mechanical Misake | N82: 1
L83: SemiRough | M83: SemiRough | U83: ROLL AFTER COEFFICIENT
F84: UPGRADES | L84: =VLOOKUP(L83,RECOVERY!$AA$8:$AP$10,10,FALSE) -> 1.25 | M84: =VLOOKUP(M83,RECOVERY!$AA$27:$AP$29,10,FALSE) -> 0.75 | N84: -1.5 | O84: 0 | P84: 1.5 | R84: 1/-1 | T84: 0.1 | U84: 1.33 | V84: -1.23
B85: SUPREME | D85: Base Parameter | E85: Parameter | F85: =SUM(F86:F91)&"/325" -> 0/325 | G85: Base Rar Dist | H85: SHOT DISTANCE | I85: ACC. Coeff | J85: Shot Power Multiplyer | K85: ACC. DEVIATION | L85: REC. FOR ACC | M85: REC. FOR POWER | N85: TOP SPIN | O85: NO SPIN | P85: BACK SPIN | Q85: Deviation | R85: SIDE SPIN | S85: Calculated Spin | T85: DEFAULT | U85: TOP SPIN | V85: BACK SPIN
B86: 7-Iron | C86: Power | D86: =D76-10 -> 220 | E86: =D86+F86 -> 220 | G86: 55 | H86: =$G$6+(E86/2)+$AD$6+(AB86/2)+$L$2 -> 198 | I86: =1-(E87/1000) -> 0.58 | J86: =ROUND(POWER(E86/100,0.5),3) -> 1.483 | K86: =(G88*J86*I86*N82) -> 4.3007 | L86: =1+(L84-1)*(1-E90/500) -> 1.16 | M86: =M84+((1-M84)*0.5*E90/400) -> 0.80625 | N86: =(E89+(Q86*N84))/1.3 -> 22.596154 | O86: =(D89+(P86*O84))/1.3 -> 26.923077 | P86: =(E89+(Q86*P84))/1.3 -> 31.25 | Q86: =3*(E88/100) -> 3.75 | R86: =E88*1*(VLOOKUP(B86,SPIN!$M$27:$N$40,2,FALSE)) -> 8750 | S86: =E88*2*3.14/60 -> 13.083333 | T86: =$S86*T84*8 -> 10.466667 | U86: =$S86*U84*8 -> 139.20667 | V86: =$S86*V84*8 -> -128.74
C87: Accuracy | D87: =D77+5 -> 420 | E87: =D87+F87 -> 420 | G87: Mistake based on Rarity
C88: Spin | D88: =D98-5 -> 125 | E88: =D88+F88 -> 125 | G88: 5
C89: Loft | D89: ='DEFAULT CLUBS-COMMON'!D89 -> 35 | E89: =D89+F89 -> 35
C90: Recovery | D90: =D100 -> 180 | E90: =D90+F90 -> 180
C91: Durability | D91: 100 | E91: =D91+F91 -> 100
H92: . | K92: Randomizer | L92: =RANDBETWEEN(0,3) -> 1 | M92: Mechanical Misake | N92: 1
L93: SemiRough | M93: SemiRough | U93: ROLL AFTER COEFFICIENT
F94: UPGRADES | L94: =VLOOKUP(L93,RECOVERY!$AA$8:$AP$10,11,FALSE) -> 1.2 | M94: =VLOOKUP(M93,RECOVERY!$AA$27:$AP$29,11,FALSE) -> 0.75 | N94: -1.5 | O94: 0 | P94: 1.5 | R94: 1/-1 | T94: 0.1 | U94: 1.33 | V94: -1.23
B95: SUPREME | D95: Base Parameter | E95: Parameter | F95: =SUM(F96:F101)&"/325" -> 0/325 | G95: Base Rar Dist | H95: SHOT DISTANCE | I95: ACC. Coeff | J95: Shot Power Multiplyer | K95: ACC. DEVIATION | L95: REC. FOR ACC | M95: REC. FOR POWER | N95: TOP SPIN | O95: NO SPIN | P95: BACK SPIN | Q95: Deviation | R95: SIDE SPIN | S95: Calculated Spin | T95: DEFAULT | U95: TOP SPIN | V95: BACK SPIN
B96: 8-Iron | C96: Power | D96: =D86-10 -> 210 | E96: =D96+F96 -> 210 | G96: 55 | H96: =$G$6+(E96/2)+$AD$6+(AB96/2)+$L$2 -> 193 | I96: =1-(E97/1000) -> 0.58 | J96: =ROUND(POWER(E96/100,0.5),3) -> 1.449 | K96: =(G98*J96*I96*N92) -> 4.2021 | L96: =1+(L94-1)*(1-E100/500) -> 1.128 | M96: =M94+((1-M94)*0.5*E100/400) -> 0.80625 | N96: =(E99+(Q96*N94))/1.3 -> 24.730769 | O96: =(D99+(P96*O94))/1.3 -> 29.230769 | P96: =(E99+(Q96*P94))/1.3 -> 33.730769 | Q96: =3*(E98/100) -> 3.9 | R96: =E98*1*(VLOOKUP(B96,SPIN!$M$27:$N$40,2,FALSE)) -> 10400 | S96: =E98*2*3.14/60 -> 13.606667 | T96: =$S96*T94*8 -> 10.885333 | U96: =$S96*U94*8 -> 144.77493 | V96: =$S96*V94*8 -> -133.8896
C97: Accuracy | D97: =D87 -> 420 | E97: =D97+F97 -> 420 | G97: Mistake based on Rarity
C98: Spin | D98: =D108 -> 130 | E98: =D98+F98 -> 130 | G98: 5
C99: Loft | D99: ='DEFAULT CLUBS-COMMON'!D99 -> 38 | E99: =D99+F99 -> 38
C100: Recovery | D100: =D110 -> 180 | E100: =D100+F100 -> 180
C101: Durability | D101: 100 | E101: =D101+F101 -> 100
...

Sheet CLUB CONTROL
I1: Club Control of a Character
B2: 325 | I2: Directly affects the size of outer circles
B3: Parameter | G3: %
A4: Chara | B4: =C4+$B$2 -> 525 | C4: 200 | F4: ZONE SIZE | G4: =15+(85*SQRT((B4-10)/515)) -> 100
I5: SIZE OF THE OUTER CIRCLES
I7: Size: (30+(70*square root((A-10)/515)))*Club Control Penalty Based on Terrain
I8: A: Club Control Parameter
I11: Club Control penalty based on type of terrain and type of the club
J12: Fairway | K12: SemiRough | L12: Rough | M12: Bunker | N12: Fringe
I13: driver | J13: 0.65 | K13: 0.65 | L13: 0.45 | M13: 0.25 | N13: 0.75
I14: 3-Wood | J14: 1 | K14: 0.65 | L14: 0.45 | M14: 0.25 | N14: 0.75
I15: 5-Wood | J15: 1 | K15: 0.65 | L15: 0.45 | M15: 0.25 | N15: 0.75
I16: 7-Wood | J16: 1 | K16: 0.65 | L16: 0.45 | M16: 0.25 | N16: 0.75
I17: 3-Iron | J17: 1 | K17: 0.65 | L17: 0.45 | M17: 0.25 | N17: 0.75
I18: 4-Iron | J18: 1 | K18: 0.65 | L18: 0.45 | M18: 0.25 | N18: 0.75
I19: 5-Iron | J19: 1 | K19: 0.75 | L19: 0.55 | M19: 0.35 | N19: 0.75
I20: 6-Iron | J20: 1 | K20: 0.75 | L20: 0.55 | M20: 0.35 | N20: 0.75
I21: 7-Iron | J21: 1 | K21: 0.75 | L21: 0.55 | M21: 0.35 | N21: 0.75
I22: 8-Iron | J22: 1 | K22: 0.75 | L22: 0.55 | M22: 0.35 | N22: 0.95
I23: 9-Iron | J23: 1 | K23: 0.75 | L23: 0.55 | M23: 0.35 | N23: 0.95
I24: Pitching Wedge | J24: 1 | K24: 0.85 | L24: 0.65 | M24: 0.55 | N24: 0.95
... I26: Sand Wedge | J26: 1 | K26: 0.85 | L26: 0.65 | M26: 0.65 | N26: 0.95
I27: Putter | J27: - | K27: - | L27: - | M27: - | N27: -

Sheet RECOVERY
O2: RECOVERY of the Club
O3: Affects how easy it is to make shots from the rough and bunker
A4: Accuracy penalty based on type of terrain and type of the club | H4: Power terrain multiplier based on type of terrain and type of the club | O4: As Recovery increases, the penalty that terrain inflicts on other parameters is decreased
C5: SemiRough | D5: Rough | E5: Bunker | J5: SemiRough | K5: Rough | L5: Bunker
A6: driver | C6: 1.4 | D6: 2 | E6: 2.5 | H6: driver | J6: 0.65 | K6: 0.45 | L6: 0.25
A7: 3-Wood | C7: 1.4 | D7: 2 | E7: 2.5 | H7: 3-Wood | J7: 0.65 | K7: 0.45 | L7: 0.25 | O7: RECOVERY FOR ACCURACY | U7: Accuracy penalty based on type of terrain and type of the club | AB7: driver | AC7: 3-Wood | AD7: 5-Wood | AE7: 7-Wood | AF7: 3-Iron | AG7: 4-Iron | AH7: 5-Iron | AI7: 6-Iron | AJ7: 7-Iron | AK7: 8-Iron | AL7: 9-Iron | AM7: Pitching Wedge | AN7: Approach Wedge | AO7: Sand Wedge | AP7: Putter
A8: 5-Wood | C8: 1.4 | D8: 2 | E8: 2.5 | H8: 5-Wood | J8: 0.65 | K8: 0.45 | L8: 0.25 | W8: SemiRough | X8: Rough | Y8: Bunker | AA8: Rough | AB8: 2 | AC8: 2 | AD8: 2 | AE8: 2 | AF8: 1.8 | AG8: 1.8 | AH8: 1.6 | AI8: 1.6 | AJ8: 1.6 | AK8: 1.45 | AL8: 1.45 | AM8: 1.4 | AN8: 1.4 | AO8: 1.4 | AP8: -
A9: 7-Wood | C9: 1.4 | D9: 2 | E9: 2.5 | H9: 7-Wood | J9: 0.65 | K9: 0.45 | L9: 0.25 | O9: RECOVERY FOR ACCURACY DEVIATION: 1+(A-1)*(1-B/500) | U9: driver | W9: 1.4 | X9: 2 | Y9: 2.5 | AA9: SemiRough | AB9: 1.4 | AC9: 1.4 | AD9: 1.4 | AE9: 1.4 | AF9: 1.3 | AG9: 1.3 | AH9: 1.25 | AI9: 1.25 | AJ9: 1.25 | AK9: 1.2 | AL9: 1.2 | AM9: 1.15 | AN9: 1.15 | AO9: 1.15 | AP9: -
A10: 3-Iron | C10: 1.3 | D10: 1.8 | E10: 2.2 | H10: 3-Iron | J10: 0.65 | K10: 0.45 | L10: 0.25 | O10: A: Accuracy penalty based on type of terrain and type of the club | U10: 3-Wood | W10: 1.4 | X10: 2 | Y10: 2.5 | AA10: Bunker | AB10: 2.5 | AC10: 2.5 | AD10: 2.5 | AE10: 2.5 | AF10: 2.2 | AG10: 2.2 | AH10: 2 | AI10: 2 | AJ10: 2 | AK10: 1.7 | AL10: 1.7 | AM10: 1.5 | AN10: 1.5 | AO10: 1.3 | AP10: -
A11: 4-Iron | C11: 1.3 | D11: 1.8 | E11: 2.2 | H11: 4-Iron | J11: 0.65 | K11: 0.45 | L11: 0.25 | O11: B: Club Recovery Parameter | U11: 5-Wood | W11: 1.4 | X11: 2 | Y11: 2.5
A12: 5-Iron | C12: 1.25 | D12: 1.6 | E12: 2 | H12: 5-Iron | J12: 0.75 | K12: 0.55 | L12: 0.35 | U12: 7-Wood | W12: 1.4 | X12: 2 | Y12: 2.5
A13: 6-Iron | C13: 1.25 | D13: 1.6 | E13: 2 | H13: 6-Iron | J13: 0.75 | K13: 0.55 | L13: 0.35 | U13: 3-Iron | W13: 1.3 | X13: 1.8 | Y13: 2.2
A14: 7-Iron | C14: 1.25 | D14: 1.6 | E14: 2 | H14: 7-Iron | J14: 0.75 | K14: 0.55 | L14: 0.35 | U14: 4-Iron | W14: 1.3 | X14: 1.8 | Y14: 2.2
A15: 8-Iron | C15: 1.2 | D15: 1.45 | E15: 1.7 | H15: 8-Iron | J15: 0.75 | K15: 0.55 | L15: 0.35 | U15: 5-Iron | W15: 1.25 | X15: 1.6 | Y15: 2
A16: 9-Iron | C16: 1.2 | D16: 1.45 | E16: 1.7 | H16: 9-Iron | J16: 0.75 | K16: 0.55 | L16: 0.35 | U16: 6-Iron | W16: 1.25 | X16: 1.6 | Y16: 2
A17: Pitching Wedge | C17: 1.15 | D17: 1.4 | E17: 1.5 | H17: Pitching Wedge | J17: 0.85 | K17: 0.65 | L17: 0.55 | U17: 7-Iron | W17: 1.25 | X17: 1.6 | Y17: 2
A18: Approach Wedge | C18: 1.15 | D18: 1.4 | E18: 1.5 | H18: Approach Wedge | J18: 0.85 | K18: 0.65 | L18: 0.55 | U18: 8-Iron | W18: 1.2 | X18: 1.45 | Y18: 1.7
A19: Sand Wedge | C19: 1.15 | D19: 1.4 | E19: 1.3 | H19: Sand Wedge | J19: 0.85 | K19: 0.65 | L19: 0.65 | U19: 9-Iron | W19: 1.2 | X19: 1.45 | Y19: 1.7
U20: Pitching Wedge | W20: 1.15 | X20: 1.4 | Y20: 1.5
U21: Approach Wedge | W21: 1.15 | X21: 1.4 | Y21: 1.5
B22: 0 | U22: Sand Wedge | W22: 1.15 | X22: 1.4 | Y22: 1.3
B23: COMMON | E23: SemiRough | F23: Rough | G23: Bunker | I23: SemiRough | J23: Rough | K23: Bunker | U23: Putter
A24: driver | B24: =C24+$B$22 -> 4 | C24: 4 | E24: =1+(C6-1)*(1-$B24/500) -> 1.3968 | F24: =1+(D6-1)*(1-$B24/500) -> 1.992 | G24: =1+(E6-1)*(1-$B24/500) -> 2.488 | H24: driver | I24: =J6+((1-J6)*0.5*$B24/400) -> 0.65175 | J24: =K6+((1-K6)*0.5*$B24/400) -> 0.45275 | K24: =L6+((1-L6)*0.5*$B24/400) -> 0.25375
A25: 3-Wood | B25: =C25+$B$22 -> 4 | C25: 4 | E25: =1+(C7-1)*(1-$B25/500) -> 1.3968 | F25: =1+(D7-1)*(1-$B25/500) -> 1.992 | G25: =1+(E7-1)*(1-$B25/500) -> 2.488 | H25: 3-Wood | I25: =J7+((1-J7)*0.5*$B25/400) -> 0.65175 | J25: =K7+((1-K7)*0.5*$B25/400) -> 0.45275 | K25: =L7+((1-L7)*0.5*$B25/400) -> 0.25375 | O25: RECOVERY FOR POWER | U25: Power terrain multiplier based on type of terrain and type of the club
A26: 5-Wood | B26: =C26+$B$22 -> 4 | C26: 4 | E26: =1+(C8-1)*(1-$B26/500) -> 1.3968 | F26: =1+(D8-1)*(1-$B26/500) -> 1.992 | G26: =1+(E8-1)*(1-$B26/500) -> 2.488 | H26: 5-Wood | I26: =J8+((1-J8)*0.5*$B26/400) -> 0.65175 | J26: =K8+((1-K8)*0.5*$B26/400) -> 0.45275 | K26: =L8+((1-L8)*0.5*$B26/400) -> 0.25375 | W26: SemiRough | X26: Rough | Y26: Bunker | AB26: driver | AC26: 3-Wood | AD26: 5-Wood | AE26: 7-Wood | AF26: 3-Iron | AG26: 4-Iron | AH26: 5-Iron | AI26: 6-Iron | AJ26: 7-Iron | AK26: 8-Iron | AL26: 9-Iron | AM26: Pitching Wedge | AN26: Approach Wedge | AO26: Sand Wedge | AP26: Putter
A27: 7-Wood | B27: =C27+$B$22 -> 4 | C27: 4 | E27: =1+(C9-1)*(1-$B27/500) -> 1.3968 | F27: =1+(D9-1)*(1-$B27/500) -> 1.992 | G27: =1+(E9-1)*(1-$B27/500) -> 2.488 | H27: 7-Wood | I27: =J9+((1-J9)*0.5*$B27/400) -> 0.65175 | J27: =K9+((1-K9)*0.5*$B27/400) -> 0.45275 | K27: =L9+((1-L9)*0.5*$B27/400) -> 0.25375 | O27: RECOVERY FOR POWER DEVIATION: C+((1-C)*0.5*D/400) | U27: driver | W27: 0.65 | X27: 0.45 | Y27: 0.25 | AA27: Rough | AB27: 0.45 | AC27: 0.45 | AD27: 0.45 | AE27: 0.45 | AF27: 0.45 | AG27: 0.45 | AH27: 0.55 | AI27: 0.55 | AJ27: 0.55 | AK27: 0.55 | AL27: 0.55 | AM27: 0.65 | AN27: 0.65 | AO27: 0.65 | AP27: -
A28: 3-Iron | B28: =C28+$B$22 -> 4 | C28: 4 | E28: =1+(C10-1)*(1-$B28/500) -> 1.2976 | F28: =1+(D10-1)*(1-$B28/500) -> 1.7936 | G28: =1+(E10-1)*(1-$B28/500) -> 2.1904 | H28: 3-Iron | I28: =J10+((1-J10)*0.5*$B28/400) -> 0.65175 | J28: =K10+((1-K10)*0.5*$B28/400) -> 0.45275 | K28: =L10+((1-L10)*0.5*$B28/400) -> 0.25375 | O28: C: Power terrain multiplier based on type of terrain and type of the club | U28: 3-Wood | W28: 0.65 | X28: 0.45 | Y28: 0.25 | AA28: SemiRough | AB28: 0.65 | AC28: 0.65 | AD28: 0.65 | AE28: 0.65 | AF28: 0.65 | AG28: 0.65 | AH28: 0.75 | AI28: 0.75 | AJ28: 0.75 | AK28: 0.75 | AL28: 0.75 | AM28: 0.85 | AN28: 0.85 | AO28: 0.85 | AP28: -
A29: 4-Iron | B29: =C29+$B$22 -> 4 | C29: 4 | E29: =1+(C11-1)*(1-$B29/500) -> 1.2976 | F29: =1+(D11-1)*(1-$B29/500) -> 1.7936 | G29: =1+(E11-1)*(1-$B29/500) -> 2.1904 | H29: 4-Iron | I29: =J11+((1-J11)*0.5*$B29/400) -> 0.65175 | J29: =K11+((1-K11)*0.5*$B29/400) -> 0.45275 | K29: =L11+((1-L11)*0.5*$B29/400) -> 0.25375 | O29: D: Club Recovery Parameter | U29: 5-Wood | W29: 0.65 | X29: 0.45 | Y29: 0.25 | AA29: Bunker | AB29: 0.25 | AC29: 0.25 | AD29: 0.25 | AE29: 0.25 | AF29: 0.25 | AG29: 0.25 | AH29: 0.35 | AI29: 0.35 | AJ29: 0.35 | AK29: 0.35 | AL29: 0.35 | AM29: 0.55 | AN29: 0.55 | AO29: 0.65 | AP29: -
A30: 5-Iron | B30: =C30+$B$22 -> 4 | C30: 4 | E30: =1+(C12-1)*(1-$B30/500) -> 1.248 | F30: =1+(D12-1)*(1-$B30/500) -> 1.5952 | G30: =1+(E12-1)*(1-$B30/500) -> 1.992 | H30: 5-Iron | I30: =J12+((1-J12)*0.5*$B30/400) -> 0.75125 | J30: =K12+((1-K12)*0.5*$B30/400) -> 0.55225 | K30: =L12+((1-L12)*0.5*$B30/400) -> 0.35325 | U30: 7-Wood | W30: 0.65 | X30: 0.45 | Y30: 0.25
A31: 6-Iron | B31: =C31+$B$22 -> 4 | C31: 4 | E31: =1+(C13-1)*(1-$B31/500) -> 1.248 | F31: =1+(D13-1)*(1-$B31/500) -> 1.5952 | G31: =1+(E13-1)*(1-$B31/500) -> 1.992 | H31: 6-Iron | I31: =J13+((1-J13)*0.5*$B31/400) -> 0.75125 | J31: =K13+((1-K13)*0.5*$B31/400) -> 0.55225 | K31: =L13+((1-L13)*0.5*$B31/400) -> 0.35325 | U31: 3-Iron | W31: 0.65 | X31: 0.45 | Y31: 0.25
A32: 7-Iron | B32: =C32+$B$22 -> 4 | C32: 4 | E32: =1+(C14-1)*(1-$B32/500) -> 1.248 | F32: =1+(D14-1)*(1-$B32/500) -> 1.5952 | G32: =1+(E14-1)*(1-$B32/500) -> 1.992 | H32: 7-Iron | I32: =J14+((1-J14)*0.5*$B32/400) -> 0.75125 | J32: =K14+((1-K14)*0.5*$B32/400) -> 0.55225 | K32: =L14+((1-L14)*0.5*$B32/400) -> 0.35325 | U32: 4-Iron | W32: 0.65 | X32: 0.45 | Y32: 0.25
A33: 8-Iron | B33: =C33+$B$22 -> 15 | C33: 15 | E33: =1+(C15-1)*(1-$B33/500) -> 1.194 | F33: =1+(D15-1)*(1-$B33/500) -> 1.4365 | G33: =1+(E15-1)*(1-$B33/500) -> 1.679 | H33: 8-Iron | I33: =J15+((1-J15)*0.5*$B33/400) -> 0.7546875 | J33: =K15+((1-K15)*0.5*$B33/400) -> 0.5584375 | K33: =L15+((1-L15)*0.5*$B33/400) -> 0.3621875 | U33: 5-Iron | W33: 0.75 | X33: 0.55 | Y33: 0.35
A34: 9-Iron | B34: =C34+$B$22 -> 15 | C34: 15 | E34: =1+(C16-1)*(1-$B34/500) -> 1.194 | F34: =1+(D16-1)*(1-$B34/500) -> 1.4365 | G34: =1+(E16-1)*(1-$B34/500) -> 1.679 | H34: 9-Iron | I34: =J16+((1-J16)*0.5*$B34/400) -> 0.7546875 | J34: =K16+((1-K16)*0.5*$B34/400) -> 0.5584375 | K34: =L16+((1-L16)*0.5*$B34/400) -> 0.3621875 | U34: 6-Iron | W34: 0.75 | X34: 0.55 | Y34: 0.35
A35: Pitching Wedge | B35: =C35+$B$22 -> 15 | C35: 15 | E35: =1+(C17-1)*(1-$B35/500) -> 1.1455 | F35: =1+(D17-1)*(1-$B35/500) -> 1.388 | G35: =1+(E17-1)*(1-$B35/500) -> 1.485 | H35: Pitching Wedge | I35: =J17+((1-J17)*0.5*$B35/400) -> 0.8528125 | J35: =K17+((1-K17)*0.5*$B35/400) -> 0.6565625 | K35: =L17+((1-L17)*0.5*$B35/400) -> 0.5584375 | U35: 7-Iron | W35: 0.75 | X35: 0.55 | Y35: 0.35
A36: Approach Wedge | B36: =C36+$B$22 -> 15 | C36: 15 | E36: =1+(C18-1)*(1-$B36/500) -> 1.1455 | F36: =1+(D18-1)*(1-$B36/500) -> 1.388 | G36: =1+(E18-1)*(1-$B36/500) -> 1.485 | H36: Approach Wedge | I36: =J18+((1-J18)*0.5*$B36/400) -> 0.8528125 | J36: =K18+((1-K18)*0.5*$B36/400) -> 0.6565625 | K36: =L18+((1-L18)*0.5*$B36/400) -> 0.5584375 | U36: 8-Iron | W36: 0.75 | X36: 0.55 | Y36: 0.35
A37: Sand Wedge | B37: =C37+$B$22 -> 15 | C37: 15 | E37: =1+(C19-1)*(1-$B37/500) -> 1.1455 | F37: =1+(D19-1)*(1-$B37/500) -> 1.388 | G37: =1+(E19-1)*(1-$B37/500) -> 1.291 | H37: Sand Wedge | I37: =J19+((1-J19)*0.5*$B37/400) -> 0.8528125 | J37: =K19+((1-K19)*0.5*$B37/400) -> 0.6565625 | K37: =L19+((1-L19)*0.5*$B37/400) -> 0.6565625 | U37: 9-Iron | W37: 0.75 | X37: 0.55 | Y37: 0.35
A38: Putter | B38: =C38+$B$22 -> 1 | C38: 1 | E38: =1+(C20-1)*(1-$B38/500) -> 0.002 | F38: =1+(D20-1)*(1-$B38/500) -> 0.002 | G38: =1+(E20-1)*(1-$B38/500) -> 0.002 | H38: Putter | U38: Pitching Wedge | W38: 0.85 | X38: 0.65 | Y38: 0.55
U39: Approach Wedge | W39: 0.85 | X39: 0.65 | Y39: 0.55
U40: Sand Wedge | W40: 0.85 | X40: 0.65 | Y40: 0.65
D43: 27 | E43: =$D43*E24 -> 37.7136 | F43: =$D43*F24 -> 53.784 | G43: =$D43*G24 -> 67.176 | H43: 265 | I43: =$H43*I24 -> 172.71375 | J43: =$H43*J24 -> 119.97875 | K43: =$H43*K24 -> 67.24375
D44: 26.1 | E44: =$D44*E25 -> 36.45648 | F44: =$D44*F25 -> 51.9912 | G44: =$D44*G25 -> 64.9368 | H44: 250 | I44: =$H44*I25 -> 162.9375 | J44: =$H44*J25 -> 113.1875 | K44: =$H44*K25 -> 63.4375
D45: 26.1 | E45: =$D45*E26 -> 36.45648 | F45: =$D45*F26 -> 51.9912 | G45: =$D45*G26 -> 64.9368 | H45: 255 | I45: =$H45*I26 -> 166.19625 | J45: =$H45*J26 -> 115.45125 | K45: =$H45*K26 -> 64.70625
D46: 26.1 | E46: =$D46*E27 -> 36.45648 | F46: =$D46*F27 -> 51.9912 | G46: =$D46*G27 -> 64.9368 | H46: 250 | I46: =$H46*I27 -> 162.9375 | J46: =$H46*J27 -> 113.1875 | K46: =$H46*K27 -> 63.4375
D47: 26.1 | E47: =$D47*E28 -> 33.86736 | F47: =$D47*F28 -> 46.81296 | G47: =$D47*G28 -> 57.16944 | H47: 240 | I47: =$H47*I28 -> 156.42 | J47: =$H47*J28 -> 108.66 | K47: =$H47*K28 -> 60.9
D48: 26.1 | E48: =$D48*E29 -> 33.86736 | F48: =$D48*F29 -> 46.81296 | G48: =$D48*G29 -> 57.16944 | H48: 235 | I48: =$H48*I29 -> 153.16125 | J48: =$H48*J29 -> 106.39625 | K48: =$H48*K29 -> 59.63125
D49: 24 | E49: =$D49*E30 -> 29.952 | F49: =$D49*F30 -> 38.2848 | G49: =$D49*G30 -> 47.808 | H49: 230 | I49: =$H49*I30 -> 172.7875 | J49: =$H49*J30 -> 127.0175 | K49: =$H49*K30 -> 81.2475
D50: 24 | E50: =$D50*E31 -> 29.952 | F50: =$D50*F31 -> 38.2848 | G50: =$D50*G31 -> 47.808 | H50: 225 | I50: =$H50*I31 -> 169.03125 | J50: =$H50*J31 -> 124.25625 | K50: =$H50*K31 -> 79.48125
D51: 24 | E51: =$D51*E32 -> 29.952 | F51: =$D51*F32 -> 38.2848 | G51: =$D51*G32 -> 47.808 | H51: 220 | I51: =$H51*I32 -> 165.275 | J51: =$H51*J32 -> 121.495 | K51: =$H51*K32 -> 77.715
D52: 22.5 | E52: =$D52*E33 -> 26.865 | F52: =$D52*F33 -> 32.32125 | G52: =$D52*G33 -> 37.7775 | H52: 215 | I52: =$H52*I33 -> 162.25781 | J52: =$H52*J33 -> 120.06406 | K52: =$H52*K33 -> 77.870312
D53: 22.5 | E53: =$D53*E34 -> 26.865 | F53: =$D53*F34 -> 32.32125 | G53: =$D53*G34 -> 37.7775 | H53: 210 | I53: =$H53*I34 -> 158.48438 | J53: =$H53*J34 -> 117.27187 | K53: =$H53*K34 -> 76.059375
D54: 22.5 | E54: =$D54*E35 -> 25.77375 | F54: =$D54*F35 -> 31.23 | G54: =$D54*G35 -> 33.4125 | H54: 200 | I54: =$H54*I35 -> 170.5625 | J54: =$H54*J35 -> 131.3125 | K54: =$H54*K35 -> 111.6875
... D57: 13.5 | E57: =$D57*E38 -> 0.027 | F57: =$D57*F38 -> 0.027 | G57: =$D57*G38 -> 0.027 | H57: 97 | I57: =$H57*I38 -> 0 | J57: =$H57*J38 -> 0 | K57: =$H57*K38 -> 0
I59: SR | J59: Rough | K59: Bunker
E60: 37.8 | F60: 54 | G60: 67.5 | I60: 169 | J60: 117 | K60: 65
E61: 36.54 | F61: 52.2 | G61: 65.25 | I61: 159.25 | J61: 110.25 | K61: 61.25
E62: 36.54 | F62: 52.2 | G62: 65.25 | I62: 162.5 | J62: 112.5 | K62: 62.5
E63: 36.54 | F63: 52.2 | G63: 65.25 | I63: 159.25 | J63: 110.25 | K63: 61.25
E64: 33.93 | F64: 46.98 | G64: 57.42 | I64: 152.75 | J64: 105.75 | K64: 58.75
E65: 33.93 | F65: 46.98 | G65: 57.42 | I65: 149.5 | J65: 103.5 | K65: 57.5
E66: 30 | F66: 38.4 | G66: 48 | I66: 168.75 | J66: 123.75 | K66: 78.75
E67: 30 | F67: 38.4 | G67: 48 | I67: 165 | J67: 121 | K67: 77
E68: 30 | F68: 38.4 | G68: 48 | I68: 161.25 | J68: 118.25 | K68: 75.25
E69: 27 | F69: 32.625 | G69: 38.25 | I69: 157.5 | J69: 115.5 | K69: 73.5
E70: 27 | F70: 32.625 | G70: 38.25 | I70: 153.75 | J70: 112.75 | K70: 71.75
E71: 25.875 | F71: 31.5 | G71: 33.75 | I71: 165.75 | J71: 126.75 | K71: 107.25
... E73: 25.875 | F73: 31.5 | G73: 29.25 | I73: 157.25 | J73: 120.25 | K73: 120.25

Sheet SPIN
A1: .
B2: 400 | E2: Natural Loft | G2: Deviation | H2: Lower point | I2: Middle | J2: Higher Point | M2: SPIN of the Club
B3: COMMON | H3: =1.5 -> 1.5 | I3: 0 | J3: -1.5 | M3: Affects the maximum amount of angle players can hit the ball with
A4: driver | B4: 55 | C4: 1 | E4: 35 | G4: =3*(B4/100) -> 1.65 | H4: =($E4+($G4*H$3))/1.3 -> 28.826923 | I4: =($E4+($G4*I$3))/1.3 -> 26.923077 | J4: =($E4+($G4*J$3))/1.3 -> 25.019231 | M4: to add to the Natural Loft of the club
A5: 3-Wood | B5: 55 | C5: 1 | E5: 35 | G5: =3*(B5/100) -> 1.65 | H5: =($E5+($G5*H$3))/1.3 -> 28.826923 | I5: =($E5+($G5*I$3))/1.3 -> 26.923077 | J5: =($E5+($G5*J$3))/1.3 -> 25.019231
A6: 5-Wood | B6: 55 | C6: 1 | E6: 35 | G6: =3*(B6/100) -> 1.65 | H6: =($E6+($G6*H$3))/1.3 -> 28.826923 | I6: =($E6+($G6*I$3))/1.3 -> 26.923077 | J6: =($E6+($G6*J$3))/1.3 -> 25.019231
A7: 7-Wood | B7: 55 | C7: 1 | E7: 35 | G7: =3*(B7/100) -> 1.65 | H7: =($E7+($G7*H$3))/1.3 -> 28.826923 | I7: =($E7+($G7*I$3))/1.3 -> 26.923077 | J7: =($E7+($G7*J$3))/1.3 -> 25.019231 | M7: SPIN EFFECT ON ANGLE OF THE SHOT (only for vertical points)
A8: 3-Iron | B8: 55 | C8: 1 | E8: 35 | G8: =3*(B8/100) -> 1.65 | H8: =($E8+($G8*H$3))/1.3 -> 28.826923 | I8: =($E8+($G8*I$3))/1.3 -> 26.923077 | J8: =($E8+($G8*J$3))/1.3 -> 25.019231 | L8: ANGLE | M8: Deviation: 3*(Spin club parameter /100)
A9: 4-Iron | B9: 55 | C9: 1 | E9: 35 | G9: =3*(B9/100) -> 1.65 | H9: =($E9+($G9*H$3))/1.3 -> 28.826923 | I9: =($E9+($G9*I$3))/1.3 -> 26.923077 | J9: =($E9+($G9*J$3))/1.3 -> 25.019231 | M9: When Lowest Point is selected: (Natural Loft+(Deviation*1.5))/1.3
A10: 5-Iron | B10: 55 | C10: 1 | E10: 35 | G10: =3*(B10/100) -> 1.65 | H10: =($E10+($G10*H$3))/1.3 -> 28.826923 | I10: =($E10+($G10*I$3))/1.3 -> 26.923077 | J10: =($E10+($G10*J$3))/1.3 -> 25.019231 | M10: When Default Point is selected: (Natural Loft+(Deviation*0))/1.3
A11: 6-Iron | B11: 55 | C11: 1 | E11: 35 | G11: =3*(B11/100) -> 1.65 | H11: =($E11+($G11*H$3))/1.3 -> 28.826923 | I11: =($E11+($G11*I$3))/1.3 -> 26.923077 | J11: =($E11+($G11*J$3))/1.3 -> 25.019231 | M11: When Highest Point is selected: (Natural Loft+(Deviation*-1.5))/1.3
A12: 7-Iron | B12: 55 | C12: 1 | E12: 34 | G12: =3*(B12/100) -> 1.65 | H12: =($E12+($G12*H$3))/1.3 -> 28.057692 | I12: =($E12+($G12*I$3))/1.3 -> 26.153846 | J12: =($E12+($G12*J$3))/1.3 -> 24.25
A13: 8-Iron | B13: 75 | C13: 1 | E13: 38 | G13: =3*(B13/100) -> 2.25 | H13: =($E13+($G13*H$3))/1.3 -> 31.826923 | I13: =($E13+($G13*I$3))/1.3 -> 29.230769 | J13: =($E13+($G13*J$3))/1.3 -> 26.634615 | L13: SPIN | M13: Side spin | N13: spin parameter * 1 or -1 * club multiplyer
A14: 9-Iron | B14: 75 | C14: 1 | E14: 42 | G14: =3*(B14/100) -> 2.25 | H14: =($E14+($G14*H$3))/1.3 -> 34.903846 | I14: =($E14+($G14*I$3))/1.3 -> 32.307692 | J14: =($E14+($G14*J$3))/1.3 -> 29.711538 | M14: Roll after spinned shot: CalculatedSpin * UserInputSpin * 0.3
A15: Pitching Wedge | B15: 75 | C15: 1 | E15: 45 | G15: =3*(B15/100) -> 2.25 | H15: =($E15+($G15*H$3))/1.3 -> 37.211538 | I15: =($E15+($G15*I$3))/1.3 -> 34.615385 | J15: =($E15+($G15*J$3))/1.3 -> 32.019231 | M15: Calculated Spin: SpinParam * 2 * π(3.14) / 60
A16: Approach Wedge | B16: 75 | C16: 1 | E16: 50 | G16: =3*(B16/100) -> 2.25 | H16: =($E16+($G16*H$3))/1.3 -> 41.057692 | I16: =($E16+($G16*I$3))/1.3 -> 38.461538 | J16: =($E16+($G16*J$3))/1.3 -> 35.865385
A17: Sand Wedge | B17: 75 | C17: 1 | E17: 54 | G17: =3*(B17/100) -> 2.25 | H17: =($E17+($G17*H$3))/1.3 -> 44.134615 | I17: =($E17+($G17*I$3))/1.3 -> 41.538462 | J17: =($E17+($G17*J$3))/1.3 -> 38.942308
H19: For terrains | I19: Penalty for backspin input spin
H20: Fairway | I20: 1
H21: Bunker | I21: 0.75 | M21: Spin of the Ball only affects zone on the ball
H22: Semi-rough | I22: 0.5 | M22: On 0 you can't choose spin point
H23: Rough | I23: 0.25 | M23: On 5 you can choose any point on the ball
M24: Its radial
A25: Backspin decreases distance for random nubmer in range of 20-25% | H25: Formula
A26: It increases the height of flight for random value in range of 30-35% | H26: Input spin (only if >0)*Terrain Penalty Multiplier | N26: side spin multiplyer
A27: Ball almost doesnt' roll after the landing | M27: driver | N27: 40 | O27: Side spin | P27: spin parameter * 1 or -1 * club multiplyer
M28: 3-Wood | N28: 50
A29: Frontspin increases distance for random nubmer in range of 15-20% | M29: 5-Wood | N29: 50
A30: It decreases the height of flight for random value in range of 25-30% | M30: 7-Wood | N30: 50 | P30: Roll after spinned shot: CalculatedSpin * UserInputSpin * 8
A31: Ball rolls for a long time after the landing | M31: 3-Iron | N31: 60 | P31: Calculated Spin: SpinParam * 2 * π(3.14) / 60
M32: 4-Iron | N32: 60
M33: 5-Iron | N33: 70
M34: 6-Iron | N34: 70
M35: 7-Iron | N35: 70
M36: 8-Iron | N36: 80
M37: 9-Iron | N37: 80
A38: Spin of the Ball only affects zone on the ball | M38: P.Wedge | N38: 90
A39: On 0 you can't choose spin point | M39: A.Wedge | N39: 90
A40: On 5 you can choose any point on the ball | M40: S.Wedge | N40: 90
A41: Its radial
M42: CLUB | N42: SPINPARAM | O42: INPUTSPIN | P42: FORMULA | Q42: ROLL | R42: SURFACE
L43: 1 | M43: CommonIron7 | N43: 100 | O43: 0.1 (default) | P43: OLD | Q43: 28.5 yards | R43: Fairway
L44: 2 | M44: CommonIron7 | N44: 100 | O44: 1.33 (max backspin) | P44: OLD | Q44: 22.6 yards | R44: Fairway
L45: 3 | M45: CommonIron7 | N45: 100 | O45: -1.23 (max forwardspin) | P45: OLD | Q45: 33.4 yards | R45: Fairway
M47: FORMULA: CalculatedSpin + CalculatedSpin * UserInputSpin * 0.4
L48: 1 | M48: FORMULA: 10.46 + (10.46 * 0.1 * 0.4) = 10.8784
L49: 2 | M49: FORMULA: 10.46 + (10.46 * 1.33 * 0.4) = 16.0247
L50: 3 | M50: FORMULA: 10.46 + (10.46 * -1.23 * 0.4) = 5.3136
M52: CalculatedSpin Formula: SpinParam * 2 * π(3.14) / 60 [PHYSICS FORMULA]
M54: EXPERIMENT VALUE FOR SUPREME | 475 Spin
L55: 1 | M55: FORMULA: 49.71 + (49.71 * 0.1 * 0.4) = 51.6984
L56: 2 | M56: FORMULA: 49.71 + (49.71 * 1.33 * 0.4) = 76.1557
L57: 3 | M57: FORMULA: 49.71 + (49.71 * -1.23 * 0.4) = 25.2526
M59: SUGGESTED NEW FORMULA
M60: FORMULA: CalculatedSpin * UserInputSpin * 0.3
L61: 1 | M61: FORMULA: 10.46 * 0.1 * 0.4 = 0.4184
L62: 2 | M62: FORMULA: 10.46 * 1.33 * 0.4 = 5.5647
L63: 3 | M63: FORMULA: 10.46 * -1.23 * 0.4 = -5.1463
L65: 1 | M65: FORMULA: 49.71 * 0.1 * 0.4 = 1.9884
L66: 2 | M66: FORMULA: 49.71 * 1.33 * 0.4 = 26.4457
L67: 3 | M67: FORMULA: 49.71 * -1.23 * 0.4 = -24.4573
M69: CLUB | N69: SPINPARAM | O69: INPUTSPIN | P69: FORMULA | Q69: ROLL | R69: SURFACE
L70: 1 | M70: CommonIron7 | N70: 100 | O70: 0.1 (default) | P70: NEW | Q70: 31.4 yards | R70: Fairway
L71: 2 | M71: CommonIron7 | N71: 100 | O71: 1.33 (max backspin) | P71: NEW | Q71: 29.5 yards | R71: Fairway
L72: 3 | M72: CommonIron7 | N72: 100 | O72: -1.23 (max forwardspin) | P72: NEW | Q72: 33.3 yards | R72: Fairway
M74: CLUB | N74: SPINPARAM | O74: INPUTSPIN | P74: FORMULA | Q74: ROLL | R74: SURFACE
L75: 1 | M75: CommonIron7 | N75: 475 | O75: 0.1 (default) | P75: NEW | Q75: 31.4 yards | R75: Fairway
L76: 2 | M76: CommonIron7 | N76: 475 | O76: 1.33 (max backspin) | P76: NEW | Q76: 12.5 yards | R76: Fairway
L77: 3 | M77: CommonIron7 | N77: 475 | O77: -1.23 (max forwardspin) | P77: NEW | Q77: 122.3 yards | R77: Fairway
M79: CLUB | N79: SPINPARAM | O79: INPUTSPIN | P79: FORMULA | Q79: ROLL | R79: SURFACE
L80: 1 | M80: CommonIron7 | N80: 475 | O80: 0.1 (default) | P80: NEW (0.3) | Q80: 31.4 yards | R80: Fairway
L81: 2 | M81: CommonIron7 | N81: 475 | O81: 1.33 (max backspin) | P81: NEW (0.3) | Q81: 13.3 yards | R81: Fairway
L82: 3 | M82: CommonIron7 | N82: 475 | O82: -1.23 (max forwardspin) | P82: NEW (0.3) | Q82: 63.9 yards | R82: Fairway

Sheet ACCURACY
H2: COMMON - MISTAKE | J2: COMMON mistake | K2: 27
B3: 0 | F3: 100 | G3: % | H3: 27 | J3: UnCOMMON mistake | K3: 25 | M3: Accuracy of the club - Affects the accuracy error deviation of non-perfect shots
B4: COMMON | D4: Acc Coeff | F4: Shot Power Multiplier | G4: Mechanical Misake | H4: 1 | J4: Rare mistake | K4: 20
A5: driver | B5: =C5+$B$3 -> 10 | C5: 10 | D5: =1-(B5/1000) -> 0.99 | F5: =ROUND(POWER($F$3/100,0.5),3) -> 1 | H5: =$H$3*$F$5*D5*$H$4 -> 26.73 | J5: Mythic Mistake | K5: 15
A6: 3-Wood | B6: =C6+$B$3 -> 13 | C6: 13 | D6: =1-(B6/1000) -> 0.987 | H6: =$H$3*$F$5*D6*$H$4 -> 26.649 | J6: Legendary Mistake | K6: 10
A7: 5-Wood | B7: =C7+$B$3 -> 13 | C7: 13 | D7: =1-(B7/1000) -> 0.987 | H7: =$H$3*$F$5*D7*$H$4 -> 26.649 | J7: COMMON Mistake | K7: 5
A8: 7-Wood | B8: =C8+$B$3 -> 13 | C8: 13 | D8: =1-(B8/1000) -> 0.987 | H8: =$H$3*$F$5*D8*$H$4 -> 26.649 | M8: ACCURACY DEVIATION
A9: 3-Iron | B9: =C9+$B$3 -> 13 | C9: 13 | D9: =1-(B9/1000) -> 0.987 | H9: =$H$3*$F$5*D9*$H$4 -> 26.649 | M9: Final Accuracy deviation: (Mistake based on Rarity*Shot Power Multiplyer*Accuracy coefficient*Mechanical Error Multiplier)*Terrain Accuracy Penalty
A10: 4-Iron | B10: =C10+$B$3 -> 13 | C10: 13 | D10: =1-(B10/1000) -> 0.987 | H10: =$H$3*$F$5*D10*$H$4 -> 26.649 | M10: Accuracy coefficient: 1-(Club Accuracy Parameter/1000) | R10: Accuracy Penalty is getting changed by recovery on that terrain
A11: 5-Iron | B11: =C11+$B$3 -> 20 | C11: 20 | D11: =1-(B11/1000) -> 0.98 | H11: =$H$3*$F$5*D11*$H$4 -> 26.46 | M11: Shot Power Multiplier: (Power/100​​)^0.5 rounded to three decimal places
A12: 6-Iron | B12: =C12+$B$3 -> 20 | C12: 20 | D12: =1-(B12/1000) -> 0.98 | H12: =$H$3*$F$5*D12*$H$4 -> 26.46
A13: 7-Iron | B13: =C13+$B$3 -> 20 | C13: 20 | D13: =1-(B13/1000) -> 0.98 | H13: =$H$3*$F$5*D13*$H$4 -> 26.46 | M13: Accuracy penalty based on type of terrain and type of the club
A14: 8-Iron | B14: =C14+$B$3 -> 25 | C14: 25 | D14: =1-(B14/1000) -> 0.975 | H14: =$H$3*$F$5*D14*$H$4 -> 26.325 | N14: Fairway | O14: SemiRough | P14: Rough | Q14: Bunker | R14: Fringe
A15: 9-Iron | B15: =C15+$B$3 -> 25 | C15: 25 | D15: =1-(B15/1000) -> 0.975 | H15: =$H$3*$F$5*D15*$H$4 -> 26.325 | M15: driver | N15: 1.4 | O15: 1.4 | P15: 2 | Q15: 2.5 | R15: 1.3
A16: Pitching Wedge | B16: =C16+$B$3 -> 25 | C16: 25 | D16: =1-(B16/1000) -> 0.975 | H16: =$H$3*$F$5*D16*$H$4 -> 26.325 | M16: 3-Wood | N16: 1 | O16: 1.4 | P16: 2 | Q16: 2.5 | R16: 1.3
A17: Approach Wedge | B17: =C17+$B$3 -> 25 | C17: 25 | D17: =1-(B17/1000) -> 0.975 | H17: =$H$3*$F$5*D17*$H$4 -> 26.325 | M17: 5-Wood | N17: 1 | O17: 1.4 | P17: 2 | Q17: 2.5 | R17: 1.3
A18: Sand Wedge | B18: =C18+$B$3 -> 25 | C18: 25 | D18: =1-(B18/1000) -> 0.975 | H18: =$H$3*$F$5*D18*$H$4 -> 26.325 | M18: 7-Wood | N18: 1 | O18: 1.4 | P18: 2 | Q18: 2.5 | R18: 1.3
A19: Putter | B19: =C19+$B$3 -> 55 | C19: 55 | D19: =1-(B19/1000) -> 0.945 | H19: =$H$3*$F$5*D19*$H$4 -> 25.515 | M19: 3-Iron | N19: 1 | O19: 1.3 | P19: 1.8 | Q19: 2.2 | R19: 1.25
M20: 4-Iron | N20: 1 | O20: 1.3 | P20: 1.8 | Q20: 2.2 | R20: 1.25
M21: 5-Iron | N21: 1 | O21: 1.25 | P21: 1.6 | Q21: 2 | R21: 1.2
M22: 6-Iron | N22: 1 | O22: 1.25 | P22: 1.6 | Q22: 2 | R22: 1.2
M23: 7-Iron | N23: 1 | O23: 1.25 | P23: 1.6 | Q23: 2 | R23: 1.2
M24: 8-Iron | N24: 1 | O24: 1.2 | P24: 1.45 | Q24: 1.7 | R24: 1.15
A25: Accuracy penalty based on type of terrain and type of the club | M25: 9-Iron | N25: 1 | O25: 1.2 | P25: 1.45 | Q25: 1.7 | R25: 1.15
B26: Fairway | C26: SemiRough | D26: Rough | E26: Bunker | F26: Fringe | G26: Fairway | H26: SemiRough | I26: Rough | J26: Bunker | K26: Fringe | M26: Pitching Wedge | N26: 1 | O26: 1.15 | P26: 1.4 | Q26: 1.5 | R26: 1.1
A27: driver | B27: 1 | C27: 1.4 | D27: 2 | E27: 2.5 | F27: 1.3 | G27: =$H5/B27 -> 26.73 | H27: =$H5*C27 -> 37.422 | I27: =$H5*D27 -> 53.46 | J27: =$H5*E27 -> 66.825 | K27: =$H5*F27 -> 34.749 | M27: Approach Wedge | N27: 1 | O27: 1.15 | P27: 1.4 | Q27: 1.5 | R27: 1.1
A28: 3-Wood | B28: 1 | C28: 1.4 | D28: 2 | E28: 2.5 | F28: 1.3 | G28: =$H6*B28 -> 26.649 | H28: =$H6*C28 -> 37.3086 | I28: =$H6*D28 -> 53.298 | J28: =$H6*E28 -> 66.6225 | K28: =$H6*F28 -> 34.6437 | M28: Sand Wedge | N28: 1 | O28: 1.15 | P28: 1.4 | Q28: 1.3 | R28: 1.1
A29: 5-Wood | B29: 1 | C29: 1.4 | D29: 2 | E29: 2.5 | F29: 1.3 | G29: =$H7*B29 -> 26.649 | H29: =$H7*C29 -> 37.3086 | I29: =$H7*D29 -> 53.298 | J29: =$H7*E29 -> 66.6225 | K29: =$H7*F29 -> 34.6437 | M29: Putter | N29: - | O29: - | P29: - | Q29: - | R29: -
A30: 7-Wood | B30: 1 | C30: 1.4 | D30: 2 | E30: 2.5 | F30: 1.3 | G30: =$H8*B30 -> 26.649 | H30: =$H8*C30 -> 37.3086 | I30: =$H8*D30 -> 53.298 | J30: =$H8*E30 -> 66.6225 | K30: =$H8*F30 -> 34.6437
A31: 3-Iron | B31: 1 | C31: 1.3 | D31: 1.8 | E31: 2.2 | F31: 1.25 | G31: =$H9*B31 -> 26.649 | H31: =$H9*C31 -> 34.6437 | I31: =$H9*D31 -> 47.9682 | J31: =$H9*E31 -> 58.6278 | K31: =$H9*F31 -> 33.31125
A32: 4-Iron | B32: 1 | C32: 1.3 | D32: 1.8 | E32: 2.2 | F32: 1.25 | G32: =$H10*B32 -> 26.649 | H32: =$H10*C32 -> 34.6437 | I32: =$H10*D32 -> 47.9682 | J32: =$H10*E32 -> 58.6278 | K32: =$H10*F32 -> 33.31125
A33: 5-Iron | B33: 1 | C33: 1.25 | D33: 1.6 | E33: 2 | F33: 1.2 | G33: =$H11*B33 -> 26.46 | H33: =$H11*C33 -> 33.075 | I33: =$H11*D33 -> 42.336 | J33: =$H11*E33 -> 52.92 | K33: =$H11*F33 -> 31.752
A34: 6-Iron | B34: 1 | C34: 1.25 | D34: 1.6 | E34: 2 | F34: 1.2 | G34: =$H12*B34 -> 26.46 | H34: =$H12*C34 -> 33.075 | I34: =$H12*D34 -> 42.336 | J34: =$H12*E34 -> 52.92 | K34: =$H12*F34 -> 31.752
A35: 7-Iron | B35: 1 | C35: 1.25 | D35: 1.6 | E35: 2 | F35: 1.2 | G35: =$H13*B35 -> 26.46 | H35: =$H13*C35 -> 33.075 | I35: =$H13*D35 -> 42.336 | J35: =$H13*E35 -> 52.92 | K35: =$H13*F35 -> 31.752
A36: 8-Iron | B36: 1 | C36: 1.2 | D36: 1.45 | E36: 1.7 | F36: 1.15 | G36: =$H14*B36 -> 26.325 | H36: =$H14*C36 -> 31.59 | I36: =$H14*D36 -> 38.17125 | J36: =$H14*E36 -> 44.7525 | K36: =$H14*F36 -> 30.27375
A37: 9-Iron | B37: 1 | C37: 1.2 | D37: 1.45 | E37: 1.7 | F37: 1.15 | G37: =$H15*B37 -> 26.325 | H37: =$H15*C37 -> 31.59 | I37: =$H15*D37 -> 38.17125 | J37: =$H15*E37 -> 44.7525 | K37: =$H15*F37 -> 30.27375
A38: Pitching Wedge | B38: 1 | C38: 1.15 | D38: 1.4 | E38: 1.5 | F38: 1.1 | G38: =$H16*B38 -> 26.325 | H38: =$H16*C38 -> 30.27375 | I38: =$H16*D38 -> 36.855 | J38: =$H16*E38 -> 39.4875 | K38: =$H16*F38 -> 28.9575
A39: Approach Wedge | B39: 1 | C39: 1.15 | D39: 1.4 | E39: 1.5 | F39: 1.1 | G39: =$H17*B39 -> 26.325 | H39: =$H17*C39 -> 30.27375 | I39: =$H17*D39 -> 36.855 | J39: =$H17*E39 -> 39.4875 | K39: =$H17*F39 -> 28.9575
A40: Sand Wedge | B40: 1 | C40: 1.15 | D40: 1.4 | E40: 1.3 | F40: 1.1 | G40: =$H18*B40 -> 26.325 | H40: =$H18*C40 -> 30.27375 | I40: =$H18*D40 -> 36.855 | J40: =$H18*E40 -> 34.2225 | K40: =$H18*F40 -> 28.9575
A41: Putter | B41: - | C41: - | D41: - | E41: - | F41: -

Sheet POWER
P1: Power of the club - Affects maximum shot distance Strength of the character - Directly affects max shot distance Power of the Ball - Affects max shot distance
C2: りんどうコース
B3: HOLE | D3: 1 | E3: 2 | F3: 3 | G3: 4 | H3: 5 | I3: 6 | J3: 7 | K3: 8 | L3: 9
B4: PAR | D4: 5 | E4: 4 | F4: 4 | G4: 3 | H4: 4 | I4: 4 | J4: 5 | K4: 3 | L4: 4 | O4: POWER
B5: HDCP | D5: 5 | E5: 8 | F5: 1 | G5: 7 | H5: 2 | I5: 4 | J5: 3 | K5: 9 | L5: 6 | P5: Final Shot distance = (Base distance of club based on rarity + (club power parameter/2) + base Str of character based on rarity +
B6: A | C6: トーナメントティ | D6: 503 | E6: 366 | F6: 425 | G6: 171 | H6: 355 | I6: 311 | J6: 554 | K6: 208 | L6: 428 | P6: (chara STR parameter/2) + (5% of spin parameter value*spin input)+ball power parameter (if any) + randomizer (number from 1 to 15))*penalty from green ring
C7: バックティ | D7: 485 | E7: 343 | F7: 408 | G7: 149 | H7: 346 | I7: 299 | J7: 536 | K7: 197 | L7: 415 | P7: Terrain influence = final shot distance * terrain multiplyer | T7: Terrain multiplyer is getting changed by recovery on that terrain
C8: レギュラーティ | D8: 462 | E8: 330 | F8: 397 | G8: 128 | H8: 336 | I8: 289 | J8: 525 | K8: 178 | L8: 398 | N8: For Display (Total Distance): | P8: (Base distance of club based on rarity + (club power parameter/2) + base Str of character based on rarity + (chara STR parameter/2) + (5% of spin parameter value*default spin input)
C9: シルバーティ | D9: 444 | E9: 330 | F9: 376 | G9: 128 | H9: 316 | I9: 289 | J9: 525 | K9: 133 | L9: 372 | O9: For Map View: | P9: For Display * terrain multiplyer
C10: レディースティ | D10: 384 | E10: 298 | F10: 359 | G10: 113 | H10: 250 | I10: 282 | J10: 414 | K10: 120 | L10: 297
B11: B | C11: トーナメントティ | D11: 499 | E11: 362 | F11: 426 | G11: 168 | H11: 332 | I11: 291 | J11: 553 | K11: 200 | L11: 417 | P11: Fairway | Q11: SemiRough | R11: Rough | S11: Bunker | T11: Fringe
C12: バックティ | D12: 481 | E12: 339 | F12: 409 | G12: 146 | H12: 323 | I12: 279 | J12: 535 | K12: 188 | L12: 404 | O12: driver | P12: 0.65 | Q12: 0.65 | R12: 0.45 | S12: 0.25 | T12: 0.75
C13: レギュラーティ | D13: 458 | E13: 326 | F13: 398 | G13: 125 | H13: 313 | I13: 269 | J13: 524 | K13: 170 | L13: 387 | O13: 3-Wood | P13: 1.05 | Q13: 0.65 | R13: 0.45 | S13: 0.25 | T13: 0.75
C14: シルバーティ | D14: 440 | E14: 326 | F14: 377 | G14: 125 | H14: 296 | I14: 269 | J14: 524 | K14: 125 | L14: 361 | O14: 5-Wood | P14: 1.05 | Q14: 0.65 | R14: 0.45 | S14: 0.25 | T14: 0.75
C15: レディースティ | D15: 380 | E15: 294 | F15: 360 | G15: 110 | H15: 227 | I15: 262 | J15: 413 | K15: 112 | L15: 286 | O15: 7-Wood | P15: 1.05 | Q15: 0.65 | R15: 0.45 | S15: 0.25 | T15: 0.75
A16: PAR-2 | B16: Shots except Putter | D16: =D4-2 -> 3 | E16: =E4-2 -> 2 | F16: =F4-2 -> 2 | G16: =G4-2 -> 1 | H16: =H4-2 -> 2 | I16: =I4-2 -> 2 | J16: =J4-2 -> 3 | K16: =K4-2 -> 1 | L16: =L4-2 -> 2 | O16: 3-Iron | P16: 1.05 | Q16: 0.65 | R16: 0.45 | S16: 0.25 | T16: 0.75
A17: Distance/(Par-2) | B17: Distance per Shot (minus putter) | D17: =D8/D16 -> 154 | E17: =E8/E16 -> 165 | F17: =F8/F16 -> 198.5 | G17: =G8/G16 -> 128 | H17: =H8/H16 -> 168 | I17: =I8/I16 -> 144.5 | J17: =J8/J16 -> 175 | K17: =K8/K16 -> 178 | L17: =L8/L16 -> 199 | O17: 4-Iron | P17: 1.05 | Q17: 0.65 | R17: 0.45 | S17: 0.25 | T17: 0.75
B18: 45% of distance | D18: =D8*0.45 -> 207.9 | E18: =E8*0.45 -> 148.5 | F18: =F8*0.45 -> 178.65 | G18: =G8*0.45 -> 57.6 | H18: =H8*0.45 -> 151.2 | I18: =I8*0.45 -> 130.05 | J18: =J8*0.45 -> 236.25 | K18: =K8*0.45 -> 80.1 | L18: =L8*0.45 -> 179.1 | O18: 5-Iron | P18: 1.05 | Q18: 0.75 | R18: 0.55 | S18: 0.35 | T18: 0.75
B19: distance minus driver shot | D19: =D8-D18 -> 254.1 | E19: =E8-E18 -> 181.5 | F19: =F8-F18 -> 218.35 | G19: =G8-G18 -> 70.4 | H19: =H8-H18 -> 184.8 | I19: =I8-I18 -> 158.95 | J19: =J8-J18 -> 288.75 | K19: =K8-K18 -> 97.9 | L19: =L8-L18 -> 218.9 | O19: 6-Iron | P19: 1.05 | Q19: 0.75 | R19: 0.55 | S19: 0.35 | T19: 0.75
B20: distance per shot minus driver | D20: =D19/(D16-1) -> 127.05 | E20: =E19/(E16-1) -> 181.5 | F20: =F19/(F16-1) -> 218.35 | G20: =G19/(G16) -> 70.4 | H20: =H19/(H16-1) -> 184.8 | I20: =I19/(I16-1) -> 158.95 | J20: =J19/(J16-1) -> 144.375 | K20: =K19/(K16) -> 97.9 | L20: =L19/(L16-1) -> 218.9 | O20: 7-Iron | P20: 1.05 | Q20: 0.75 | R20: 0.55 | S20: 0.35 | T20: 0.75
O21: 8-Iron | P21: 1.05 | Q21: 0.75 | R21: 0.55 | S21: 0.35 | T21: 0.95
A22: Power Penalties (Green Ring) | C22: Driver Shot | D22: Other Shot | E22: Distance done for par turns | O22: 9-Iron | P22: 1.05 | Q22: 0.75 | R22: 0.55 | S22: 0.35 | T22: 0.95
B23: 100 | C23: 158 | D23: 143 | E23: =$C23+($D23*($D$16-1)) -> 444 | O23: Pitching Wedge | P23: 1.05 | Q23: 0.85 | R23: 0.65 | S23: 0.55 | T23: 0.95
B24: 90 | C24: =$C$23*($B24/100) -> 142.2 | D24: =$D$23*($B24/100) -> 128.7 | E24: =$C24+($D24*($D$16-1)) -> 399.6 | O24: Approach Wedge | P24: 1.05 | Q24: 0.85 | R24: 0.65 | S24: 0.55 | T24: 0.95
B25: 80 | C25: =$C$23*($B25/100) -> 126.4 | D25: =$D$23*($B25/100) -> 114.4 | E25: =$C25+($D25*($D$16-1)) -> 355.2 | O25: Sand Wedge | P25: 1.05 | Q25: 0.85 | R25: 0.65 | S25: 0.65 | T25: 0.95
B26: 70 | C26: =$C$23*($B26/100) -> 110.6 | D26: =$D$23*($B26/100) -> 100.1 | E26: =$C26+($D26*($D$16-1)) -> 310.8 | O26: Putter | P26: - | Q26: - | R26: - | S26: - | T26: -
B27: 60 | C27: =$C$23*($B27/100) -> 94.8 | D27: =$D$23*($B27/100) -> 85.8 | E27: =$C27+($D27*($D$16-1)) -> 266.4
B28: 50 | C28: =$C$23*($B28/100) -> 79 | D28: =$D$23*($B28/100) -> 71.5 | E28: =$C28+($D28*($D$16-1)) -> 222
B29: 40 | C29: =$C$23*($B29/100) -> 63.2 | D29: =$D$23*($B29/100) -> 57.2 | E29: =$C29+($D29*($D$16-1)) -> 177.6
B30: 30 | C30: =$C$23*($B30/100) -> 47.4 | D30: =$D$23*($B30/100) -> 42.9 | E30: =$C30+($D30*($D$16-1)) -> 133.2
B31: 20 | C31: =$C$23*($B31/100) -> 31.6 | D31: =$D$23*($B31/100) -> 28.6 | E31: =$C31+($D31*($D$16-1)) -> 88.8
B32: 10 | C32: =$C$23*($B32/100) -> 15.8 | D32: =$D$23*($B32/100) -> 14.3 | E32: =$C32+($D32*($D$16-1)) -> 44.4
A33: Used for game | B33: 30 | C33: =$C$23*($B33/100) -> 47.4 | D33: =$D$23*($B33/100) -> 42.9 | E33: =$C33+($D33*($D$16-1)) -> 133.2
B34: 55 | C34: =$C$23*($B34/100) -> 86.9 | D34: =$D$23*($B34/100) -> 78.65 | E34: =$C34+($D34*($D$16-1)) -> 244.2
B35: 75 | C35: =$C$23*($B35/100) -> 118.5 | D35: =$D$23*($B35/100) -> 107.25 | E35: =$C35+($D35*($D$16-1)) -> 333
O36: Final Shot distance for Wedges = (club power parameter + (5% of spin parameter value*spin input)+ball power parameter (if any) + randomizer (number from 0 to 3))*penalty from green ring
C37: Miss | D37: 30
C38: Nice | D38: 50-60, 70-80
C39: Pefect | D39: 100
C42: Driver COMMON | D42: Other COMMON
B44: 100 | C44: 150 | D44: 105 | E44: =$C44+($D44*($D$16-1)) -> 360
B45: 90 | C45: =$C$44*($B45/100) -> 135 | D45: =$D$44*($B45/100) -> 94.5 | E45: =$C45+($D45*($D$16-1)) -> 324
B46: 80 | C46: =$C$44*($B46/100) -> 120 | D46: =$D$44*($B46/100) -> 84 | E46: =$C46+($D46*($D$16-1)) -> 288
B47: 70 | C47: =$C$44*($B47/100) -> 105 | D47: =$D$44*($B47/100) -> 73.5 | E47: =$C47+($D47*($D$16-1)) -> 252
B48: 60 | C48: =$C$44*($B48/100) -> 90 | D48: =$D$44*($B48/100) -> 63 | E48: =$C48+($D48*($D$16-1)) -> 216
B49: 50 | C49: =$C$44*($B49/100) -> 75 | D49: =$D$44*($B49/100) -> 52.5 | E49: =$C49+($D49*($D$16-1)) -> 180
B50: 40 | C50: =$C$44*($B50/100) -> 60 | D50: =$D$44*($B50/100) -> 42 | E50: =$C50+($D50*($D$16-1)) -> 144
B51: 30 | C51: =$C$44*($B51/100) -> 45 | D51: =$D$44*($B51/100) -> 31.5 | E51: =$C51+($D51*($D$16-1)) -> 108
B52: 20 | C52: =$C$44*($B52/100) -> 30 | D52: =$D$44*($B52/100) -> 21 | E52: =$C52+($D52*($D$16-1)) -> 72
B53: 10 | C53: =$C$44*($B53/100) -> 15 | D53: =$D$44*($B53/100) -> 10.5 | E53: =$C53+($D53*($D$16-1)) -> 36
B54: 30 | C54: =$C$44*($B54/100) -> 45 | D54: =$D$44*($B54/100) -> 31.5 | E54: =$C54+($D54*($D$16-1)) -> 108
B55: 55 | C55: =$C$44*($B55/100) -> 82.5 | D55: =$D$44*($B55/100) -> 57.75 | E55: =$C55+($D55*($D$16-1)) -> 198 | M55: Fairway: Hitting from the fairway gives a 5% bonus to the players max shot distance
B56: 75 | C56: =$C$44*($B56/100) -> 112.5 | D56: =$D$44*($B56/100) -> 78.75 | E56: =$C56+($D56*($D$16-1)) -> 270 | M56: Semi-Rough (First Cut): Hitting from the semi-rough gives a 20% debuff to the max shot distance
M57: Rough: Hitting from the rough gives a 40% debuff to the max shot distance
M58: Bunker: Hitting from the bunker gives a 60% debuff to the max shot distance
J59: COMMON
J60: base distance | K60: base character power
C61: COMMON | D61: UNCOMMON | E61: RARE | F61: MYTHIC | H61: How many points were put (1-25) | L61: final distance | M61: Fairway | N61: SR | O61: Rough | P61: Bunker | Q61: Fringe | R61: Fairway | S61: SR | T61: Rough | U61: Bunker | V61: Fringe
B62: driver | C62: 125 | D62: 135 | E62: =D62+10 -> 145 | F62: =E62+10 -> 155 | H62: 1 | J62: 30 | K62: 30 | L62: =J62+K62+(H62+C62)/2+(H62+40)/2+$B$93 -> 145.5 | M62: 1 | N62: 0.65 | O62: 0.45 | P62: 0.25 | Q62: 0.75 | R62: =$L62*M62 -> 145.5 | S62: =$L62*N62 -> 94.575 | T62: =$L62*O62 -> 65.475 | U62: =$L62*P62 -> 36.375 | V62: =$L62*Q62 -> 109.125
B63: 3-Wood | C63: =C62-10 -> 115 | D63: =C63+30 -> 145 | E63: =D63+20 -> 165 | F63: =E63+20 -> 185 | H63: 1 | J63: 5 | K63: 10 | L63: =J63+H63+K63+H63+C63/2+40/2+$B$93 -> 96.5 | M63: 1.05 | N63: 0.65 | O63: 0.45 | P63: 0.25 | Q63: 0.75 | R63: =$L63*M63 -> 101.325 | S63: =$L63*N63 -> 62.725 | T63: =$L63*O63 -> 43.425 | U63: =$L63*P63 -> 24.125 | V63: =$L63*Q63 -> 72.375
B64: 5-Wood | C64: =C63-10 -> 105 | D64: =C64+30 -> 135 | E64: =D64+20 -> 155 | F64: =E64+20 -> 175 | H64: 25 | J64: 5 | K64: 10 | L64: =J64+H64+K64+H64+C64/2+40/2+$B$93 -> 139.5 | M64: 1.05 | N64: 0.65 | O64: 0.45 | P64: 0.25 | Q64: 0.75 | R64: =$L64*M64 -> 146.475 | S64: =$L64*N64 -> 90.675 | T64: =$L64*O64 -> 62.775 | U64: =$L64*P64 -> 34.875 | V64: =$L64*Q64 -> 104.625
B65: 7-Wood | C65: =C64-10 -> 95 | D65: =C65+30 -> 125 | E65: =D65+20 -> 145 | F65: =E65+20 -> 165 | H65: 25 | J65: 5 | K65: 10 | L65: =J65+H65+K65+H65+C65/2+40/2+$B$93 -> 134.5 | M65: 1.05 | N65: 0.65 | O65: 0.45 | P65: 0.25 | Q65: 0.75 | R65: =$L65*M65 -> 141.225 | S65: =$L65*N65 -> 87.425 | T65: =$L65*O65 -> 60.525 | U65: =$L65*P65 -> 33.625 | V65: =$L65*Q65 -> 100.875
B66: 3-Iron | C66: =C65 -> 95 | D66: =C66+30 -> 125 | E66: =D66+20 -> 145 | F66: =E66+20 -> 165 | H66: 25 | J66: 5 | K66: 10 | L66: =J66+H66+K66+H66+C66/2+40/2+$B$93 -> 134.5 | M66: 1.05 | N66: 0.65 | O66: 0.45 | P66: 0.25 | Q66: 0.75 | R66: =$L66*M66 -> 141.225 | S66: =$L66*N66 -> 87.425 | T66: =$L66*O66 -> 60.525 | U66: =$L66*P66 -> 33.625 | V66: =$L66*Q66 -> 100.875
B67: 4-Iron | C67: =C66-10 -> 85 | D67: =C67+30 -> 115 | E67: =D67+20 -> 135 | F67: =E67+20 -> 155 | H67: 25 | J67: 5 | K67: 10 | L67: =J67+H67+K67+H67+C67/2+40/2+$B$93 -> 129.5 | M67: 1.05 | N67: 0.65 | O67: 0.45 | P67: 0.25 | Q67: 0.75 | R67: =$L67*M67 -> 135.975 | S67: =$L67*N67 -> 84.175 | T67: =$L67*O67 -> 58.275 | U67: =$L67*P67 -> 32.375 | V67: =$L67*Q67 -> 97.125
B68: 5-Iron | C68: =C67-10 -> 75 | D68: =C68+30 -> 105 | E68: =D68+20 -> 125 | F68: =E68+20 -> 145 | H68: 25 | J68: 5 | K68: 10 | L68: =J68+H68+K68+H68+C68/2+40/2+$B$93 -> 124.5 | M68: 1.05 | N68: 0.75 | O68: 0.55 | P68: 0.35 | Q68: 0.75 | R68: =$L68*M68 -> 130.725 | S68: =$L68*N68 -> 93.375 | T68: =$L68*O68 -> 68.475 | U68: =$L68*P68 -> 43.575 | V68: =$L68*Q68 -> 93.375
B69: 6-Iron | C69: =C68-10 -> 65 | D69: =C69+30 -> 95 | E69: =D69+20 -> 115 | F69: =E69+20 -> 135 | H69: 25 | J69: 5 | K69: 10 | L69: =J69+H69+K69+H69+C69/2+40/2+$B$93 -> 119.5 | M69: 1.05 | N69: 0.75 | O69: 0.55 | P69: 0.35 | Q69: 0.75 | R69: =$L69*M69 -> 125.475 | S69: =$L69*N69 -> 89.625 | T69: =$L69*O69 -> 65.725 | U69: =$L69*P69 -> 41.825 | V69: =$L69*Q69 -> 89.625
B70: 7-Iron | C70: =C69-10 -> 55 | D70: =C70+30 -> 85 | E70: =D70+20 -> 105 | F70: =E70+20 -> 125 | H70: 25 | J70: 5 | K70: 10 | L70: =J70+H70+K70+H70+C70/2+40/2+$B$93 -> 114.5 | M70: 1.05 | N70: 0.75 | O70: 0.55 | P70: 0.35 | Q70: 0.75 | R70: =$L70*M70 -> 120.225 | S70: =$L70*N70 -> 85.875 | T70: =$L70*O70 -> 62.975 | U70: =$L70*P70 -> 40.075 | V70: =$L70*Q70 -> 85.875
B71: 8-Iron | C71: =C70-10 -> 45 | D71: =C71+30 -> 75 | E71: =D71+20 -> 95 | F71: =E71+20 -> 115 | H71: 25 | J71: 5 | K71: 10 | L71: =J71+H71+K71+H71+C71/2+40/2+$B$93 -> 109.5 | M71: 1.05 | N71: 0.75 | O71: 0.55 | P71: 0.35 | Q71: 0.95 | R71: =$L71*M71 -> 114.975 | S71: =$L71*N71 -> 82.125 | T71: =$L71*O71 -> 60.225 | U71: =$L71*P71 -> 38.325 | V71: =$L71*Q71 -> 104.025
B72: 9-Iron | C72: =C71-10 -> 35 | D72: =C72+30 -> 65 | E72: =D72+20 -> 85 | F72: =E72+20 -> 105 | H72: 25 | J72: 5 | K72: 10 | L72: =J72+H72+K72+H72+C72/2+40/2+$B$93 -> 104.5 | M72: 1.05 | N72: 0.75 | O72: 0.55 | P72: 0.35 | Q72: 0.95 | R72: =$L72*M72 -> 109.725 | S72: =$L72*N72 -> 78.375 | T72: =$L72*O72 -> 57.475 | U72: =$L72*P72 -> 36.575 | V72: =$L72*Q72 -> 99.275
B73: Pitching Wedge | C73: =C72-10 -> 25 | D73: =C73+30 -> 55 | E73: =D73+20 -> 75 | F73: =E73+20 -> 95 | H73: 25 | J73: 5 | K73: 10 | L73: =J73+H73+K73+H73+C73/2+40/2+$B$93 -> 99.5 | M73: 1.05 | N73: 0.85 | O73: 0.65 | P73: 0.55 | Q73: 0.95 | R73: =$L73*M73 -> 104.475 | S73: =$L73*N73 -> 84.575 | T73: =$L73*O73 -> 64.675 | U73: =$L73*P73 -> 54.725 | V73: =$L73*Q73 -> 94.525
B74: Approach Wedge | C74: =C73-10 -> 15 | D74: =C74+30 -> 45 | E74: =D74+20 -> 65 | F74: =E74+20 -> 85 | H74: 25 | J74: 5 | K74: 10 | L74: =J74+H74+K74+H74+C74/2+40/2+$B$93 -> 94.5 | M74: 1.05 | N74: 0.85 | O74: 0.65 | P74: 0.55 | Q74: 0.95 | R74: =$L74*M74 -> 99.225 | S74: =$L74*N74 -> 80.325 | T74: =$L74*O74 -> 61.425 | U74: =$L74*P74 -> 51.975 | V74: =$L74*Q74 -> 89.775
B75: Sand Wedge | C75: =C74-10 -> 5 | D75: =C75+30 -> 35 | E75: =D75+20 -> 55 | F75: =E75+20 -> 75 | H75: 25 | J75: 5 | K75: 10 | L75: =J75+H75+K75+H75+C75/2+40/2+$B$93 -> 89.5 | M75: 1.05 | N75: 0.85 | O75: 0.65 | P75: 0.65 | Q75: 0.95 | R75: =$L75*M75 -> 93.975 | S75: =$L75*N75 -> 76.075 | T75: =$L75*O75 -> 58.175 | U75: =$L75*P75 -> 58.175 | V75: =$L75*Q75 -> 85.025
B76: Putter | C76: 20 | D76: 20 | E76: 20 | F76: 20 | H76: 25 | J76: 5 | K76: 10 | L76: =J76+H76+K76+H76+C76/2+40/2+$B$93 -> 97 | M76: -
D80: it means maximum skill points is | G80: driver | H80: 1.1 | I80: =H80*((C62+$H62)/2)+H80*((80+$H62)/2)+(1+$B$93) -> 116.85 | J80: 1.1 | K80: =J80*((D62+$H62)/2)+J80*((80+$H62)/2)+(1+$B$93) -> 122.35 | L80: 1.3 | M80: =L80*((E62+$H62)/2)+L80*((80+$H62)/2)+(1+$B$93) -> 150.55
B81: COMMON: Lvl. 25 | D81: 25 | G81: 3-Wood | H81: =H80 -> 1.1 | I81: =H81*((C63+$H63)/2)+H81*((80+$H63)/2)+(1+$B$93) -> 111.35 | J81: =J80 -> 1.1 | K81: =J81*((D63+$H63)/2)+J81*((80+$H63)/2)+(1+$B$93) -> 127.85 | L81: 1.3 | M81: =L81*((E63+$H63)/2)+L81*((80+$H63)/2)+(1+$B$93) -> 163.55
B82: UnCOMMON: Lvl. 40 | D82: 55 | G82: 5-Wood | H82: =H81 -> 1.1 | I82: =H82*((C64+$H64)/2)+H82*((80+$H64)/2)+(1+$B$93) -> 132.25 | J82: =J81 -> 1.1 | K82: =J82*((D64+$H64)/2)+J82*((80+$H64)/2)+(1+$B$93) -> 148.75 | L82: 1.3 | M82: =L82*((E64+$H64)/2)+L82*((80+$H64)/2)+(1+$B$93) -> 188.25
B83: Rare: Lvl. 55 | D83: 100 | G83: 7-Wood | H83: =H82 -> 1.1 | I83: =H83*((C65+$H65)/2)+H83*((80+$H65)/2)+(1+$B$93) -> 126.75 | J83: =J82 -> 1.1 | K83: =J83*((D65+$H65)/2)+J83*((80+$H65)/2)+(1+$B$93) -> 143.25 | L83: 1.3 | M83: =L83*((E65+$H65)/2)+L83*((80+$H65)/2)+(1+$B$93) -> 181.75
B84: Mythic: Lvl. 70 (old name: Epic) | D84: 160 | G84: 3-Iron | H84: =H83 -> 1.1 | I84: =H84*((C66+$H66)/2)+H84*((80+$H66)/2)+(1+$B$93) -> 126.75 | J84: =J83 -> 1.1 | K84: =J84*((D66+$H66)/2)+J84*((80+$H66)/2)+(1+$B$93) -> 143.25 | L84: 1.3 | M84: =L84*((E66+$H66)/2)+L84*((80+$H66)/2)+(1+$B$93) -> 181.75
B85: Legendary: Lvl. 85 | D85: 235 | G85: 4-Iron | H85: =H84 -> 1.1 | I85: =H85*((C67+$H67)/2)+H85*((80+$H67)/2)+(1+$B$93) -> 121.25 | J85: =J84 -> 1.1 | K85: =J85*((D67+$H67)/2)+J85*((80+$H67)/2)+(1+$B$93) -> 137.75 | L85: 1.3 | M85: =L85*((E67+$H67)/2)+L85*((80+$H67)/2)+(1+$B$93) -> 175.25
B86: COMMON: Lvl. 100 | D86: 325 | G86: 5-Iron | H86: =H85 -> 1.1 | I86: =H86*((C68+$H68)/2)+H86*((80+$H68)/2)+(1+$B$93) -> 115.75 | J86: =J85 -> 1.1 | K86: =J86*((D68+$H68)/2)+J86*((80+$H68)/2)+(1+$B$93) -> 132.25 | L86: 1.3 | M86: =L86*((E68+$H68)/2)+L86*((80+$H68)/2)+(1+$B$93) -> 168.75
G87: 6-Iron | H87: =H86 -> 1.1 | I87: =H87*((C69+$H69)/2)+H87*((80+$H69)/2)+(1+$B$93) -> 110.25 | J87: =J86 -> 1.1 | K87: =J87*((D69+$H69)/2)+J87*((80+$H69)/2)+(1+$B$93) -> 126.75 | L87: 1.3 | M87: =L87*((E69+$H69)/2)+L87*((80+$H69)/2)+(1+$B$93) -> 162.25
G88: 7-Iron | H88: =H87 -> 1.1 | I88: =H88*((C70+$H70)/2)+H88*((80+$H70)/2)+(1+$B$93) -> 104.75 | J88: =J87 -> 1.1 | K88: =J88*((D70+$H70)/2)+J88*((80+$H70)/2)+(1+$B$93) -> 121.25 | L88: 1.3 | M88: =L88*((E70+$H70)/2)+L88*((80+$H70)/2)+(1+$B$93) -> 155.75
G89: 8-Iron | H89: =H88 -> 1.1 | I89: =H89*((C71+$H71)/2)+H89*((80+$H71)/2)+(1+$B$93) -> 99.25 | J89: =J88 -> 1.1 | K89: =J89*((D71+$H71)/2)+J89*((80+$H71)/2)+(1+$B$93) -> 115.75 | L89: 1.3 | M89: =L89*((E71+$H71)/2)+L89*((80+$H71)/2)+(1+$B$93) -> 149.25
B90: Formula | G90: 9-Iron | H90: =H89 -> 1.1 | I90: =H90*((C72+$H72)/2)+H90*((80+$H72)/2)+(1+$B$93) -> 93.75 | J90: =J89 -> 1.1 | K90: =J90*((D72+$H72)/2)+J90*((80+$H72)/2)+(1+$B$93) -> 110.25 | L90: 1.3 | M90: =L90*((E72+$H72)/2)+L90*((80+$H72)/2)+(1+$B$93) -> 142.75
B91: Base distance by rarity+ | D91: parameter/2+ | E91: base character power by rarity+ | G91: Pitching Wedge | H91: =H90 -> 1.1 | I91: =H91*((C73+$H73)/2)+H91*((80+$H73)/2)+(1+$B$93) -> 88.25 | J91: =J90 -> 1.1 | K91: =J91*((D73+$H73)/2)+J91*((80+$H73)/2)+(1+$B$93) -> 104.75 | L91: 1.3 | M91: =L91*((E73+$H73)/2)+L91*((80+$H73)/2)+(1+$B$93) -> 136.25
G92: Approach Wedge | H92: =H91 -> 1.1 | I92: =H92*((C74+$H74)/2)+H92*((80+$H74)/2)+(1+$B$93) -> 82.75 | J92: =J91 -> 1.1 | K92: =J92*((D74+$H74)/2)+J92*((80+$H74)/2)+(1+$B$93) -> 99.25 | L92: 1.3 | M92: =L92*((E74+$H74)/2)+L92*((80+$H74)/2)+(1+$B$93) -> 129.75
A93: Randomizer | B93: =RANDBETWEEN(0,3) -> 2 | G93: Sand Wedge | H93: =H92 -> 1.1 | I93: =H93*((C75+$H75)/2)+H93*((80+$H75)/2)+(1+$B$93) -> 77.25 | J93: =J92 -> 1.1 | K93: =J93*((D75+$H75)/2)+J93*((80+$H75)/2)+(1+$B$93) -> 93.75 | L93: 1.3 | M93: =L93*((E75+$H75)/2)+L93*((80+$H75)/2)+(1+$B$93) -> 123.25

Sheet BALL FORMULAS
B1: OLD | G1: NEW
A2: Rebound | G2: Value | I2: explanation
B3: "+5" | C3: minus 25 to spin parameter | G3: -10 | H3: 25 | I3: plus 25.0 to Spin
B4: "+4" | C4: minus 20 to spin parameter | G4: -9 | H4: 22.5 | I4: plus 22.5 to Spin
B5: "+3" | C5: minus 15 to spin parameter | G5: -8 | H5: 20 | I5: plus 20.0 to Spin
B6: "+2" | C6: minus 10 to spin parameter | G6: -7 | H6: 17.5 | I6: plus 17.5 to Spin
B7: "+1" | C7: minus 5 to spin parameter | G7: -6 | H7: 15 | I7: plus 15.0 to Spin
B8: "-1" | C8: plus 5 to Spin Parameter | G8: -5 | H8: 12.5 | I8: plus 12.5 to Spin
B9: "-2" | C9: plus 10 to Spin Parameter | G9: -4 | H9: 10 | I9: plus 10.0 to Spin
B10: "-3" | C10: plus 15 to Spin Parameter | G10: -3 | H10: 7.5 | I10: plus 7.5 to Spin
B11: "-4" | C11: plus 20 to Spin Parameter | G11: -2 | H11: 5 | I11: plus 5.0 to Spin
B12: "-5" | C12: plus 25 to Spin Parameter | G12: -1 | H12: 2.5 | I12: plus 2.5 to Spin
G13: 0 | H13: 0 | I13: no change
G14: 1 | H14: -2.5 | I14: minus 2.5 to Spin
G15: 2 | H15: -5 | I15: minus 5.0 to Spin
G16: 3 | H16: -7.5 | I16: minus 7.5 to Spin
G17: 4 | H17: -10 | I17: minus 10.0 to Spin
G18: 5 | H18: -12.5 | I18: minus 12.5 to Spin
G19: 6 | H19: -15 | I19: minus 15.0 to Spin
G20: 7 | H20: -17.5 | I20: minus 17.5 to Spin
G21: 8 | H21: -20 | I21: minus 20.0 to Spin
G22: 9 | H22: -22.5 | I22: minus 22.5 to Spin
G23: 10 | H23: -25 | I23: minus 25.0 to Spin
B24: Roll after spinned shot: (CalculatedSpin * UserInputSpin * 8)+ball\s roll parameter
A25: Roll | B25: OLD | G25: NEW
B26: "+5" | C26: plus 20 yards to roll distance | G26: Value | I26: explanation
B27: "+4" | C27: plus 16 yards to roll distance | G27: -10 | H27: -20 | I27: minus 20 yards from roll distance
B28: "+3" | C28: plus 12 yards to roll distance | G28: -9 | H28: -18 | I28: minus 18 yards from roll distance
B29: "+2" | C29: plus 8 yards to roll distance | G29: -8 | H29: -16 | I29: minus 16 yards from roll distance
B30: "+1" | C30: plus 4 yards to roll distance | G30: -7 | H30: -14 | I30: minus 14 yards from roll distance
B31: "-1" | C31: minus 4 yards from roll distance to a minimum of 5 yard | G31: -6 | H31: -12 | I31: minus 12 yards from roll distance
B32: "-2" | C32: minus 8 yards from roll distance to a minimum of 5 yard | G32: -5 | H32: -10 | I32: minus 10 yards from roll distance
B33: "-3" | C33: minus 12 yards from roll distance to a minimum of 5 yard | G33: -4 | H33: -8 | I33: minus 8 yards from roll distance
B34: "-4" | C34: minus 16 yards from roll distance to a minimum of 5 yard | G34: -3 | H34: -6 | I34: minus 6 yards from roll distance
B35: "-5" | C35: minus 20 yards from roll distance to a minimum of 5 yard | G35: -2 | H35: -4 | I35: minus 4 yards from roll distance
G36: -1 | H36: -2 | I36: minus 2 yards from roll distance
G37: 0 | H37: 0 | I37: no change 0 yards roll distance
G38: 1 | H38: 2 | I38: plus 2 yards to roll distance
G39: 2 | H39: 4 | I39: plus 4 yards to roll distance
G40: 3 | H40: 6 | I40: plus 6 yards to roll distance
G41: 4 | H41: 8 | I41: plus 8 yards to roll distance
G42: 5 | H42: 10 | I42: plus 10 yards to roll distance
G43: 6 | H43: 12 | I43: plus 12 yards to roll distance
G44: 7 | H44: 14 | I44: plus 14 yards to roll distance
G45: 8 | H45: 16 | I45: plus 16 yards to roll distance
G46: 9 | H46: 18 | I46: plus 18 yards to roll distance
G47: 10 | H47: 20 | I47: plus 20 yards to roll distance
A49: Wind Resistance | B49: OLD | G49: NEW
B50: "+5" | C50: minus 0,1 mph from wind effect to a minimum of 0,1 mph | G50: Value | I50: explanation
B51: "+4" | C51: minus 0,2 mph from wind effect to a minimum of 0,1 mph | G51: -10 | H51: 0.1 | I51: plus 0.10 mph to wind effect
B52: "+3" | C52: minus 0,3 mph from wind effect to a minimum of 0,1 mph | G52: -9 | H52: 0.09 | I52: plus 0.09 mph to wind effect
B53: "+2" | C53: minus 0,4 mph from wind effect to a minimum of 0,1 mph | G53: -8 | H53: 0.08 | I53: plus 0.08 mph to wind effect
B54: "+1" | C54: minus 0,5 mph from wind effect to a minimum of 0,1 mph | G54: -7 | H54: 0.07 | I54: plus 0.07 mph to wind effect
B55: "-1" | C55: plus 0,1 mph from wind effect to a minimum of 0,1 mph | G55: -6 | H55: 0.06 | I55: plus 0.06 mph to wind effect
B56: "-2" | C56: plus 0,2 mph from wind effect to a minimum of 0,1 mph | G56: -5 | H56: 0.05 | I56: plus 0.05 mph to wind effect
B57: "-3" | C57: plus 0,3 mph from wind effect to a minimum of 0,1 mph | G57: -4 | H57: 0.04 | I57: plus 0.04 mph to wind effect
B58: "-4" | C58: plus 0,4 mph from wind effect to a minimum of 0,1 mph | G58: -3 | H58: 0.03 | I58: plus 0.03 mph to wind effect
B59: "-5" | C59: plus 0,5 mph from wind effect to a minimum of 0,1 mph | G59: -2 | H59: 0.02 | I59: plus 0.02 mph to wind effect
G60: -1 | H60: 0.01 | I60: plus 0.01 mph to wind effect
G61: 0 | H61: 0 | I61: no change to wind effect
G62: 1 | H62: -0.01 | I62: minus 0.01 mph from wind effect to a minimum of 0.1 mph
G63: 2 | H63: -0.02 | I63: minus 0.02 mph from wind effect to a minimum of 0.1 mph
G64: 3 | H64: -0.03 | I64: minus 0.03 mph from wind effect to a minimum of 0.1 mph
G65: 4 | H65: -0.04 | I65: minus 0.04 mph from wind effect to a minimum of 0.1 mph
G66: 5 | H66: -0.05 | I66: minus 0.05 mph from wind effect to a minimum of 0.1 mph
G67: 6 | H67: -0.06 | I67: minus 0.06 mph from wind effect to a minimum of 0.1 mph
G68: 7 | H68: -0.07 | I68: minus 0.07 mph from wind effect to a minimum of 0.1 mph
G69: 8 | H69: -0.08 | I69: minus 0.08 mph from wind effect to a minimum of 0.1 mph
G70: 9 | H70: -0.09 | I70: minus 0.09 mph from wind effect to a minimum of 0.1 mph
G71: 10 | H71: -0.1 | I71: minus 0.10 mph from wind effect to a minimum of 0.1 mph
A72: Spin
A73: OLD | G73: NEW
A74: Spin of the Ball only affects zone on the ball | G74: Spin of the Ball only affects zone on the ball
A75: On 0 you can't choose spin point | G75: On 0 you can't choose spin point
A76: On 5 you can choose any point on the ball | G76: On 10 you can choose any point on the ball
A77: Its radial | G77: Its radial
A82: Power
A84: Final Shot distance = (Base distance of club based on rarity + (club power parameter/2) + base Str of character based on rarity +
A85: (chara STR parameter/2) + (5% of spin parameter value*spin input)+ball power parameter (if any) + randomizer (number from 1 to 15))*penalty from green ring
A86: Power | B86: OLD | G86: NEW
B87: "+5" | C87: plus 5 yards to shot distance | G87: Power | I87: explanation
B88: "+4" | C88: plus 4 yards to shot distance | G88: -10 | H88: -5 | I88: minus 5.0 yards from shot distance
B89: "+3" | C89: plus 3 yards to shot distance | G89: -9 | H89: -4.5 | I89: minus 4.5 yards from shot distance
B90: "+2" | C90: plus 2 yards to shot distance | G90: -8 | H90: -4 | I90: minus 4.0 yards from shot distance
B91: "+1" | C91: plus 1 yards to shot distance | G91: -7 | H91: -3.5 | I91: minus 3.5 yards from shot distance
B92: "-1" | C92: minus 1 yards from shot distance | G92: -6 | H92: -3 | I92: minus 3.0 yards from shot distance
B93: "-2" | C93: minus 2 yards from shot distance | G93: -5 | H93: -2.5 | I93: minus 2.5 yards from shot distance
B94: "-3" | C94: minus 3 yards from shot distance | G94: -4 | H94: -2 | I94: minus 2.0 yards from shot distance
B95: "-4" | C95: minus 4 yards from shot distance | G95: -3 | H95: -1.5 | I95: minus 1.5 yards from shot distance
B96: "-5" | C96: minus 5 yards from shot distance | G96: -2 | H96: -1 | I96: minus 1.0 yards from shot distance
G97: -1 | H97: -0.5 | I97: minus 0.5 yards from shot distance
G98: 0 | H98: 0 | I98: no change to shot distance
G99: 1 | H99: 0.5 | I99: plus 0.5 yards to shot distance
G100: 2 | H100: 1 | I100: plus 1.0 yards to shot distance
G101: 3 | H101: 1.5 | I101: plus 1.5 yards to shot distance
G102: 4 | H102: 2 | I102: plus 2.0 yards to shot distance
G103: 5 | H103: 2.5 | I103: plus 2.5 yards to shot distance
G104: 6 | H104: 3 | I104: plus 3.0 yards to shot distance
G105: 7 | H105: 3.5 | I105: plus 3.5 yards to shot distance
G106: 8 | H106: 4 | I106: plus 4.0 yards to shot distance
...
